-- phpMyAdmin SQL Dump
-- version 4.6.6deb4
-- https://www.phpmyadmin.net/
--
-- Хост: localhost:3306
-- Время создания: Фев 15 2021 г., 17:00
-- Версия сервера: 10.1.38-MariaDB-0+deb9u1
-- Версия PHP: 7.2.31-1+0~20200514.41+debian9~1.gbpe2a56b

SET SQL_MODE = "NO_AUTO_VALUE_ON_ZERO";
SET time_zone = "+00:00";


/*!40101 SET @OLD_CHARACTER_SET_CLIENT=@@CHARACTER_SET_CLIENT */;
/*!40101 SET @OLD_CHARACTER_SET_RESULTS=@@CHARACTER_SET_RESULTS */;
/*!40101 SET @OLD_COLLATION_CONNECTION=@@COLLATION_CONNECTION */;
/*!40101 SET NAMES utf8mb4 */;

--
-- База данных: `mcmed_cards`
--
CREATE DATABASE IF NOT EXISTS `mcmed_cards` DEFAULT CHARACTER SET utf8 COLLATE utf8_general_ci;
USE `mcmed_cards`;

-- --------------------------------------------------------

--
-- Структура таблицы `t_Cards`
--

DROP TABLE IF EXISTS `t_Cards`;
CREATE TABLE IF NOT EXISTS `t_Cards` (
  `id` int(11) NOT NULL AUTO_INCREMENT,
  `parent` int(11) NOT NULL DEFAULT '0',
  `status` varchar(255) NOT NULL DEFAULT 'A',
  `expDate` datetime NOT NULL DEFAULT CURRENT_TIMESTAMP,
  `Note` varchar(255) DEFAULT NULL,
  `crTime` datetime NOT NULL DEFAULT CURRENT_TIMESTAMP,
  `modTime` datetime NOT NULL DEFAULT CURRENT_TIMESTAMP ON UPDATE CURRENT_TIMESTAMP,
  PRIMARY KEY (`id`),
  KEY `FK_t_Cards_t_Patients` (`parent`)
) ENGINE=InnoDB AUTO_INCREMENT=77388397 DEFAULT CHARSET=utf8;

--
-- Очистить таблицу перед добавлением данных `t_Cards`
--

TRUNCATE TABLE `t_Cards`;
--
-- Дамп данных таблицы `t_Cards`
--

INSERT INTO `t_Cards` (`id`, `parent`, `status`, `expDate`, `Note`, `crTime`, `modTime`) VALUES
(123123, 123123, 'A', '2019-04-10 00:00:00', 'test test', '2018-10-23 08:00:00', '2019-01-03 16:07:34'),
(704028, 704028, 'A', '2020-01-21 00:00:00', '', '2019-10-21 11:35:45', '2019-10-21 11:35:45'),
(707944, 707944, 'A', '2020-11-19 00:00:00', '', '2019-04-30 09:35:52', '2020-02-19 10:49:29'),
(708033, 708033, 'A', '2020-07-02 00:00:00', '', '2019-04-30 09:07:47', '2020-01-17 13:33:11'),
(717947, 717947, 'A', '2020-06-13 00:00:00', '', '2019-01-03 11:28:37', '2019-12-13 12:08:51'),
(728042, 728042, 'A', '2020-11-06 00:00:00', '', '2019-01-03 16:40:48', '2020-12-29 13:06:38'),
(733079, 733079, 'A', '2021-03-13 00:00:00', '', '2018-10-23 08:00:00', '2020-12-29 12:39:30'),
(739949, 739949, 'A', '2020-12-31 00:00:00', '', '2019-01-03 16:39:54', '2020-10-23 13:03:52'),
(747946, 747946, 'A', '2020-04-21 00:00:00', '', '2019-03-26 15:41:14', '2019-10-21 11:22:58'),
(748035, 748035, 'A', '2019-03-17 00:00:00', '', '2019-01-03 11:24:12', '2019-01-03 11:24:12'),
(749971, 749971, 'A', '2020-06-13 00:00:00', '', '2019-01-03 16:40:13', '2019-12-13 09:33:17'),
(756553, 756553, 'A', '2020-11-04 00:00:00', '', '2018-10-23 08:00:00', '2020-08-03 13:57:49'),
(758038, 758038, 'A', '2021-02-10 00:00:00', '', '2019-01-03 16:38:28', '2020-12-29 12:23:02'),
(767939, 767939, 'A', '2020-07-02 00:00:00', '', '2019-06-03 09:31:54', '2020-01-17 13:13:56'),
(769906, 769906, 'A', '2020-11-13 00:00:00', '', '2019-01-03 16:41:10', '2019-12-13 09:35:45'),
(777945, 777945, 'A', '2021-09-13 00:00:00', '', '2019-01-03 16:39:23', '2020-12-29 12:57:51'),
(778034, 778034, 'A', '2021-02-03 00:00:00', '', '2019-10-21 11:51:58', '2020-08-03 14:13:54'),
(779897, 779897, 'A', '2019-07-08 00:00:00', '', '2019-04-30 09:16:32', '2019-04-30 09:16:32'),
(787935, 787935, 'A', '2020-11-06 00:00:00', '', '2019-01-03 16:40:39', '2020-12-29 13:07:05'),
(788024, 788024, 'A', '2021-02-03 00:00:00', '', '2019-10-21 11:39:12', '2020-08-03 14:11:30'),
(797941, 797941, 'A', '2019-06-11 00:00:00', '', '2019-03-21 14:21:38', '2019-03-26 12:53:36'),
(799819, 799819, 'A', '2019-11-06 00:00:00', '', '2018-10-23 08:00:00', '2019-04-30 09:32:22'),
(3213211, 3213211, 'A', '2019-01-10 00:00:00', '', '2019-01-03 19:50:01', '2019-01-24 20:14:53'),
(7019163, 7019163, 'A', '2020-11-30 00:00:00', '', '2018-10-23 08:00:00', '2020-10-23 12:57:19'),
(7023205, 7023205, 'A', '2019-02-25 00:00:00', '', '2018-11-26 14:37:40', '2018-11-26 14:37:40'),
(7043120, 7043120, 'A', '2021-08-10 00:00:00', '', '2018-10-23 08:00:00', '2020-12-29 12:53:21'),
(7043162, 7043162, 'A', '2020-11-30 00:00:00', '', '2018-10-23 08:00:00', '2020-10-23 12:59:35'),
(7050836, 7050836, 'A', '0000-00-00 00:00:00', '', '2019-01-03 10:35:20', '2019-01-03 10:35:20'),
(7079998, 7079998, 'A', '0000-00-00 00:00:00', 'VIP', '2019-08-14 14:35:48', '2019-08-14 14:35:48'),
(7123394, 7123394, 'A', '2019-10-15 00:00:00', '', '2019-07-15 13:04:15', '2019-07-15 13:04:15'),
(7123477, 7123477, 'A', '2020-04-15 00:00:00', 'до 08/10/2019 450 грн', '2018-10-23 08:00:00', '2019-07-15 13:02:13'),
(7143110, 7143110, 'A', '2019-09-10 00:00:00', ',', '2018-10-23 08:00:00', '2019-08-12 14:44:18'),
(7143149, 7143149, 'A', '2020-08-19 00:00:00', '', '2018-10-23 08:00:00', '2020-02-19 10:46:59'),
(7143152, 7143152, 'A', '2020-06-13 00:00:00', '', '2018-10-23 08:00:00', '2019-12-13 12:07:43'),
(7144254, 7144254, 'A', '2021-02-10 00:00:00', '', '2018-10-23 08:00:00', '2020-12-29 12:54:25'),
(7219099, 7219099, 'A', '2019-06-11 00:00:00', '', '2019-03-26 12:49:42', '2019-03-26 12:49:42'),
(7223397, 7223397, 'A', '2019-03-17 00:00:00', '', '2019-01-03 11:26:51', '2019-01-03 11:26:51'),
(7228136, 7228136, 'A', '2019-01-23 08:00:00', '', '2018-10-23 08:00:00', '2018-11-15 10:25:27'),
(7243410, 7243410, 'A', '2019-11-06 00:00:00', '', '2018-10-23 08:00:00', '2019-05-06 12:27:35'),
(7318929, 7318929, 'A', '2020-04-21 00:00:00', '', '2019-03-26 15:43:15', '2019-10-21 11:26:08'),
(7323217, 7323217, 'A', '2019-06-11 00:00:00', '', '2019-03-26 15:26:52', '2019-03-26 15:26:52'),
(7323402, 7323402, 'A', '2019-06-11 00:00:00', '', '2019-03-26 15:29:29', '2019-03-26 15:29:29'),
(7327219, 7327219, 'A', '2019-01-28 00:00:00', '', '2019-01-24 14:24:21', '2019-01-24 14:24:21'),
(7417437, 7417437, 'A', '2019-01-23 08:00:00', '', '2018-10-23 08:00:00', '2018-11-15 10:25:27'),
(7418919, 7418919, 'A', '2020-08-19 00:00:00', '', '2019-07-15 12:58:56', '2020-02-19 10:33:16'),
(7427803, 7427803, 'A', '2019-08-06 00:00:00', '', '2019-05-06 12:37:07', '2019-05-06 12:37:07'),
(7428187, 7428187, 'A', '2020-02-04 00:00:00', '', '2019-11-04 13:41:49', '2019-11-04 13:41:49'),
(7437857, 7437857, 'A', '2020-12-31 00:00:00', '', '2019-01-03 16:39:41', '2020-10-23 13:04:51'),
(7439051, 7439051, 'A', '2019-01-23 08:00:00', '', '2018-10-23 08:00:00', '2018-11-15 10:25:27'),
(7443036, 7443036, 'A', '2019-01-23 08:00:00', '', '2018-10-23 08:00:00', '2018-11-15 10:25:27'),
(7443122, 7443122, 'A', '2021-02-10 00:00:00', '', '2018-10-23 08:00:00', '2020-12-29 12:43:28'),
(7527215, 7527215, 'A', '2020-10-02 00:00:00', '', '2018-10-23 08:00:00', '2020-01-17 13:27:26'),
(7527314, 7527314, 'A', '2020-10-13 00:00:00', '', '2018-11-26 14:38:01', '2019-12-13 09:38:24'),
(7538080, 7538080, 'A', '2020-11-19 00:00:00', '', '2019-05-06 12:33:28', '2020-02-19 10:57:31'),
(7539054, 7539054, 'A', '2019-01-23 08:00:00', '', '2018-10-23 08:00:00', '2018-11-15 10:25:27'),
(7618928, 7618928, 'A', '2020-10-02 00:00:00', 'списание', '2019-04-30 09:04:44', '2020-12-29 12:11:32'),
(7623216, 7623216, 'A', '2020-02-04 00:00:00', '', '2019-11-04 13:31:05', '2019-11-04 13:31:05'),
(7623232, 7623232, 'A', '2019-10-08 00:00:00', '', '2018-10-23 08:00:00', '2019-04-30 09:20:18'),
(7623472, 7623472, 'A', '2020-08-04 00:00:00', '', '2018-10-23 08:00:00', '2019-11-04 14:07:09'),
(7623542, 7623542, 'A', '2020-01-15 00:00:00', '', '2019-03-26 15:39:26', '2019-07-15 12:31:39'),
(7623609, 7623609, 'A', '2020-06-10 00:00:00', '', '2020-03-10 09:00:11', '2020-03-10 09:00:11'),
(7627755, 7627755, 'A', '2019-03-18 00:00:00', '', '2019-01-03 16:37:51', '2019-01-03 16:37:51'),
(7680000, 7680000, 'A', '0000-00-00 00:00:00', 'VIP', '2019-08-14 14:36:55', '2019-08-14 14:36:55'),
(7718921, 7718921, 'A', '2020-11-30 00:00:00', '', '2018-10-23 08:00:00', '2020-10-23 13:01:19'),
(7723206, 7723206, 'A', '2019-02-25 00:00:00', '', '2018-11-26 14:37:14', '2018-11-26 14:37:14'),
(7723798, 7723798, 'A', '2019-01-23 08:00:00', '', '2018-10-23 08:00:00', '2018-11-15 10:25:27'),
(7738002, 7738002, 'A', '2021-09-13 00:00:00', '', '2019-03-26 15:18:48', '2020-12-29 13:01:53'),
(7743121, 7743121, 'A', '2019-01-23 08:00:00', '', '2018-10-23 08:00:00', '2018-11-15 10:25:27'),
(7823311, 7823311, 'A', '2021-05-03 00:00:00', '', '2019-01-03 16:41:00', '2020-08-03 14:06:49'),
(7827214, 7827214, 'A', '2020-02-11 00:00:00', '', '2018-10-23 08:00:00', '2019-08-30 08:53:04'),
(7835543, 7835543, 'A', '2020-07-05 00:00:00', '', '2018-10-23 08:00:00', '2019-11-07 11:22:52'),
(7838034, 7838034, 'A', '2021-03-13 00:00:00', '', '2019-03-26 09:19:19', '2020-12-29 12:30:43'),
(7843111, 7843111, 'A', '2019-01-23 08:00:00', '', '2018-10-23 08:00:00', '2018-11-15 10:25:27'),
(7843405, 7843405, 'A', '2019-01-23 08:00:00', '', '2018-10-23 08:00:00', '2018-11-15 10:25:27'),
(7911898, 7911898, 'A', '2019-06-11 00:00:00', '', '2019-03-26 15:23:41', '2019-03-26 15:23:41'),
(7938420, 7938420, 'A', '2021-03-13 00:00:00', '', '2019-01-03 16:38:45', '2020-12-29 12:19:34'),
(7938459, 7938459, 'A', '2021-03-13 00:00:00', '', '2019-01-03 16:39:08', '2020-12-29 12:21:33'),
(7944344, 7944344, 'A', '0000-00-00 00:00:00', '', '2019-01-03 10:35:42', '2019-01-03 10:35:42'),
(7944526, 7944526, 'A', '2019-07-04 00:00:00', '', '2018-10-23 08:00:00', '2019-11-07 11:34:26'),
(73185041, 73185041, 'A', '2021-03-13 00:00:00', '', '2020-12-29 13:04:30', '2020-12-29 13:04:30'),
(77388396, 77388396, 'A', '2020-11-30 00:00:00', '', '2019-01-03 16:33:05', '2020-12-29 12:29:13');

-- --------------------------------------------------------

--
-- Структура таблицы `t_Card_Pat`
--

DROP TABLE IF EXISTS `t_Card_Pat`;
CREATE TABLE IF NOT EXISTS `t_Card_Pat` (
  `id` int(11) NOT NULL AUTO_INCREMENT,
  `cardId` int(11) NOT NULL DEFAULT '0',
  `patId` int(11) NOT NULL DEFAULT '0',
  `status` varchar(50) NOT NULL DEFAULT 'A',
  `parent` int(11) DEFAULT '1',
  `crTime` datetime NOT NULL DEFAULT CURRENT_TIMESTAMP,
  `modTime` datetime NOT NULL DEFAULT CURRENT_TIMESTAMP ON UPDATE CURRENT_TIMESTAMP,
  PRIMARY KEY (`id`),
  KEY `FK_t_Card_Pat_t_Cards` (`cardId`),
  KEY `FK_t_Card_Pat_t_Patients` (`patId`)
) ENGINE=InnoDB AUTO_INCREMENT=198 DEFAULT CHARSET=utf8;

--
-- Очистить таблицу перед добавлением данных `t_Card_Pat`
--

TRUNCATE TABLE `t_Card_Pat`;
--
-- Дамп данных таблицы `t_Card_Pat`
--

INSERT INTO `t_Card_Pat` (`id`, `cardId`, `patId`, `status`, `parent`, `crTime`, `modTime`) VALUES
(7, 733079, 733079, 'A', 1, '2018-11-09 15:12:53', '2018-11-13 15:02:59'),
(8, 756553, 756553, 'A', 1, '2018-11-09 15:16:11', '2018-11-13 15:02:59'),
(9, 799819, 799819, 'A', 1, '2018-11-09 15:17:00', '2018-11-13 15:02:59'),
(10, 7019163, 7019163, 'A', 1, '2018-11-09 15:17:05', '2018-11-13 15:02:59'),
(11, 7043120, 7043120, 'A', 1, '2018-11-09 15:17:14', '2018-11-13 15:02:59'),
(12, 7043162, 7043162, 'A', 1, '2018-11-09 15:17:19', '2018-11-13 15:02:59'),
(13, 7123477, 7123477, 'A', 1, '2018-11-09 15:17:23', '2018-11-13 15:02:59'),
(14, 7143110, 7143110, 'A', 1, '2018-11-09 15:17:26', '2018-11-13 15:02:59'),
(15, 7143149, 7143149, 'A', 1, '2018-11-09 15:17:32', '2018-11-13 15:02:59'),
(16, 7143152, 7143152, 'A', 1, '2018-11-09 15:17:36', '2018-11-13 15:02:59'),
(17, 7144254, 7144254, 'A', 1, '2018-11-09 15:17:40', '2018-11-13 15:02:59'),
(18, 7228136, 7228136, 'A', 1, '2018-11-09 15:17:44', '2018-11-13 15:02:59'),
(19, 7243410, 7243410, 'A', 1, '2018-11-09 15:17:49', '2018-11-13 15:02:59'),
(20, 7417437, 7417437, 'A', 1, '2018-11-09 15:17:53', '2018-11-13 15:02:59'),
(21, 7439051, 7439051, 'A', 1, '2018-11-09 15:17:57', '2018-11-13 15:02:59'),
(22, 7443036, 7443036, 'A', 1, '2018-11-09 15:18:01', '2018-11-13 15:02:59'),
(23, 7443122, 7443122, 'A', 1, '2018-11-09 15:18:06', '2018-11-13 15:02:59'),
(24, 7527215, 7527215, 'A', 1, '2018-11-09 15:18:10', '2018-11-13 15:02:59'),
(25, 7539054, 7539054, 'A', 1, '2018-11-09 15:18:16', '2018-11-13 15:02:59'),
(26, 7623232, 7623232, 'A', 1, '2018-11-09 15:18:21', '2018-11-13 15:02:59'),
(27, 7623472, 7623472, 'A', 1, '2018-11-09 15:18:28', '2018-11-13 15:02:59'),
(28, 7718921, 7718921, 'A', 1, '2018-11-09 15:18:36', '2018-11-13 15:02:59'),
(29, 7723798, 7723798, 'A', 1, '2018-11-09 15:18:41', '2018-11-13 15:02:59'),
(30, 7743121, 7743121, 'A', 1, '2018-11-09 15:18:46', '2018-11-13 15:02:59'),
(31, 7827214, 7827214, 'A', 1, '2018-11-09 15:18:51', '2018-11-13 15:02:59'),
(32, 7835543, 7835543, 'A', 1, '2018-11-09 15:18:57', '2018-11-13 15:02:59'),
(33, 7843111, 7843111, 'A', 1, '2018-11-09 15:19:02', '2018-11-13 15:02:59'),
(34, 7843405, 7843405, 'A', 1, '2018-11-09 15:19:07', '2018-11-13 15:02:59'),
(35, 7944526, 7944526, 'A', 1, '2018-11-09 15:19:12', '2018-11-13 15:02:59'),
(36, 123123, 123123, 'A', 1, '2018-11-09 15:22:25', '2018-11-13 15:02:59'),
(41, 123123, 704213, 'A', 1, '2018-11-12 16:20:21', '2018-11-13 15:02:59'),
(42, 123123, 727487, 'A', 1, '2018-11-12 16:20:47', '2018-11-13 15:02:59'),
(43, 733079, 7650665, 'A', 1, '2018-11-13 09:10:39', '2018-11-13 15:02:59'),
(44, 733079, 7350666, 'A', 1, '2018-11-13 09:11:23', '2018-11-13 15:02:59'),
(45, 733079, 767939, 'A', 1, '2018-11-13 09:11:35', '2018-11-13 15:02:59'),
(46, 756553, 704213, 'A', 1, '2018-11-13 09:12:55', '2018-11-13 15:02:59'),
(47, 756553, 728802, 'A', 1, '2018-11-13 09:13:02', '2018-11-13 15:02:59'),
(48, 756553, 7221739, 'A', 1, '2018-11-13 09:13:17', '2018-11-13 15:02:59'),
(49, 799819, 7350682, 'A', 1, '2018-11-13 09:13:47', '2018-11-13 15:02:59'),
(50, 799819, 750683, 'A', 1, '2018-11-13 09:13:56', '2018-11-13 15:02:59'),
(51, 799819, 7843971, 'A', 1, '2018-11-13 09:14:44', '2018-11-13 15:02:59'),
(52, 7019163, 7450700, 'A', 1, '2018-11-13 09:28:06', '2018-11-13 15:02:59'),
(53, 7019163, 7747123, 'A', 1, '2018-11-13 09:28:19', '2018-11-13 15:02:59'),
(54, 7019163, 7550703, 'A', 1, '2018-11-13 09:28:31', '2018-11-13 15:02:59'),
(55, 7043120, 7650652, 'A', 1, '2018-11-13 09:29:15', '2018-11-13 15:02:59'),
(56, 7043120, 7350653, 'A', 1, '2018-11-13 09:29:24', '2018-11-13 15:02:59'),
(57, 7043120, 750654, 'A', 1, '2018-11-13 09:29:32', '2018-11-13 15:02:59'),
(58, 7043162, 7550675, 'A', 1, '2018-11-13 09:31:02', '2018-11-13 15:02:59'),
(59, 7043162, 7250676, 'A', 1, '2018-11-13 09:31:09', '2018-11-13 15:02:59'),
(60, 7043162, 7950677, 'A', 1, '2018-11-13 09:31:16', '2018-11-13 15:02:59'),
(61, 7123477, 7450672, 'A', 1, '2018-11-13 09:32:05', '2018-11-13 15:02:59'),
(62, 7123477, 7150673, 'A', 1, '2018-11-13 09:32:15', '2018-11-13 15:02:59'),
(63, 7123477, 7850674, 'A', 1, '2018-11-13 09:32:31', '2018-11-13 15:02:59'),
(64, 7143110, 7650706, 'A', 1, '2018-11-13 09:34:39', '2018-11-13 15:02:59'),
(65, 7143110, 7350707, 'A', 1, '2018-11-13 09:35:17', '2018-11-13 15:02:59'),
(66, 7143110, 7815925, 'A', 1, '2018-11-13 09:35:21', '2018-11-13 15:02:59'),
(67, 7143149, 7850645, 'A', 1, '2018-11-13 09:36:47', '2018-11-13 15:02:59'),
(68, 7143149, 7250647, 'A', 1, '2018-11-13 09:37:01', '2018-11-13 15:02:59'),
(69, 7143149, 7150644, 'A', 1, '2018-11-13 09:37:19', '2018-11-13 15:02:59'),
(70, 7143152, 7950648, 'A', 1, '2018-11-13 09:37:55', '2018-11-13 15:02:59'),
(71, 7143152, 7750655, 'A', 1, '2018-11-13 09:37:59', '2018-11-13 15:02:59'),
(72, 7143152, 7345154, 'A', 1, '2018-11-13 09:38:03', '2018-11-13 15:02:59'),
(73, 7144254, 7450713, 'A', 1, '2018-11-13 09:38:40', '2018-11-13 15:02:59'),
(74, 7228136, 7150686, 'A', 1, '2018-11-13 09:42:03', '2018-11-13 15:02:59'),
(75, 7228136, 7850687, 'A', 1, '2018-11-13 09:42:09', '2018-11-13 15:02:59'),
(76, 7228136, 7550688, 'A', 1, '2018-11-13 09:42:13', '2018-11-13 15:02:59'),
(77, 7243410, 7150701, 'A', 1, '2018-11-13 09:42:53', '2018-11-13 15:02:59'),
(78, 7243410, 7850702, 'A', 1, '2018-11-13 09:42:59', '2018-11-13 15:02:59'),
(79, 7243410, 7250704, 'A', 1, '2018-11-13 09:43:10', '2018-11-13 15:02:59'),
(80, 7417437, 7850715, 'A', 1, '2018-11-13 09:43:45', '2018-11-13 15:02:59'),
(81, 7417437, 7550716, 'A', 1, '2018-11-13 09:43:55', '2018-11-13 15:02:59'),
(82, 7417437, 727487, 'A', 1, '2018-11-13 09:44:06', '2018-11-13 15:02:59'),
(83, 7439051, 7839053, 'A', 1, '2018-11-13 09:44:40', '2018-11-13 15:02:59'),
(84, 7439051, 7950680, 'A', 1, '2018-11-13 09:44:51', '2018-11-13 15:02:59'),
(85, 7439051, 7650681, 'A', 1, '2018-11-13 09:45:05', '2018-11-13 15:02:59'),
(86, 7443036, 750711, 'A', 1, '2018-11-13 09:46:15', '2018-11-13 15:02:59'),
(87, 7443036, 7843038, 'A', 1, '2018-11-13 09:46:28', '2018-11-13 15:02:59'),
(88, 7443036, 7150714, 'A', 1, '2018-11-13 09:46:34', '2018-11-13 15:02:59'),
(89, 7443122, 765173, 'A', 1, '2018-11-13 09:47:02', '2018-11-13 15:02:59'),
(90, 7527215, 7550659, 'A', 1, '2018-11-13 09:47:42', '2018-11-13 15:02:59'),
(91, 7527215, 7850661, 'A', 1, '2018-11-13 09:47:57', '2018-11-13 15:02:59'),
(92, 7527215, 7250663, 'A', 1, '2018-11-13 09:48:08', '2018-11-13 15:02:59'),
(93, 7539054, 750667, 'A', 1, '2018-11-13 09:49:13', '2018-11-13 15:02:59'),
(94, 7539054, 7750668, 'A', 1, '2018-11-13 09:49:38', '2018-11-13 15:02:59'),
(95, 7539054, 750670, 'A', 1, '2018-11-13 09:49:41', '2018-11-13 15:02:59'),
(96, 7623232, 7650719, 'A', 1, '2018-11-13 09:50:24', '2018-11-13 15:02:59'),
(97, 7623232, 7731957, 'A', 1, '2018-11-13 09:50:30', '2018-11-13 15:02:59'),
(98, 7623232, 7250720, 'A', 1, '2018-11-13 09:50:41', '2018-11-13 15:02:59'),
(99, 7623472, 7223553, 'A', 1, '2018-11-13 09:53:06', '2018-11-13 15:02:59'),
(100, 7623472, 7428794, 'A', 1, '2018-11-13 09:53:25', '2018-11-13 15:02:59'),
(101, 7623472, 7750671, 'A', 1, '2018-11-13 09:53:31', '2018-11-13 15:02:59'),
(102, 7718921, 7650678, 'A', 1, '2018-11-13 09:54:09', '2018-11-13 15:02:59'),
(103, 7718921, 7417172, 'A', 1, '2018-11-13 09:54:22', '2018-11-13 15:02:59'),
(104, 7718921, 7213640, 'A', 1, '2018-11-13 09:54:28', '2018-11-13 15:02:59'),
(105, 7723798, 797206, 'A', 1, '2018-11-13 09:55:00', '2018-11-13 15:02:59'),
(106, 7723798, 7250717, 'A', 1, '2018-11-13 09:55:13', '2018-11-13 15:02:59'),
(107, 7723798, 7950718, 'A', 1, '2018-11-13 09:55:22', '2018-11-13 15:02:59'),
(108, 7743121, 7650649, 'A', 1, '2018-11-13 09:55:53', '2018-11-13 15:02:59'),
(109, 7743121, 7250650, 'A', 1, '2018-11-13 09:55:58', '2018-11-13 15:02:59'),
(110, 7743121, 7950651, 'A', 1, '2018-11-13 09:56:02', '2018-11-13 15:02:59'),
(111, 7827214, 7450656, 'A', 1, '2018-11-13 09:56:45', '2018-11-13 15:02:59'),
(112, 7827214, 7150657, 'A', 1, '2018-11-13 09:56:52', '2018-11-13 15:02:59'),
(113, 7827214, 7850658, 'A', 1, '2018-11-13 09:56:57', '2018-11-13 15:02:59'),
(114, 7835543, 7850690, 'A', 1, '2018-11-13 09:57:37', '2018-11-13 15:02:59'),
(115, 7835543, 7250692, 'A', 1, '2018-11-13 09:57:42', '2018-11-13 15:02:59'),
(116, 7835543, 7950693, 'A', 1, '2018-11-13 09:57:52', '2018-11-13 15:02:59'),
(117, 7843111, 7350710, 'A', 1, '2018-11-13 09:58:33', '2018-11-13 15:02:59'),
(118, 7843111, 7750712, 'A', 1, '2018-11-13 09:58:38', '2018-11-13 15:02:59'),
(119, 7843111, 7337474, 'A', 1, '2018-11-13 09:58:48', '2018-11-13 15:02:59'),
(120, 7843405, 7950721, 'A', 1, '2018-11-13 09:59:35', '2018-11-13 15:02:59'),
(121, 7843405, 7650722, 'A', 1, '2018-11-13 09:59:51', '2018-11-13 15:02:59'),
(122, 7843405, 7350723, 'A', 1, '2018-11-13 10:00:00', '2018-11-13 15:02:59'),
(123, 7944526, 7950705, 'A', 1, '2018-11-13 10:00:55', '2018-11-13 15:02:59'),
(124, 7944526, 7218898, 'A', 1, '2018-11-13 10:01:00', '2018-11-13 15:02:59'),
(125, 7944526, 750708, 'A', 1, '2018-11-13 10:01:05', '2018-11-13 15:02:59'),
(126, 7527215, 7550659, 'A', 1, '2018-11-16 10:34:47', '2018-11-16 10:34:47'),
(127, 123123, 123123, 'A', 1, '2018-11-16 10:35:42', '2018-11-16 10:35:42'),
(128, 123123, 123123, 'A', 1, '2018-11-16 10:35:50', '2018-11-16 10:35:50'),
(129, 123123, 123123, 'A', 1, '2018-11-16 10:35:52', '2018-11-16 10:35:52'),
(130, 123123, 123123, 'A', 1, '2018-11-16 10:35:57', '2018-11-16 10:35:57'),
(131, 7723206, 7723206, 'A', 1, '2018-11-26 14:37:14', '2018-11-26 14:37:14'),
(132, 7023205, 7023205, 'A', 1, '2018-11-26 14:37:40', '2018-11-26 14:37:40'),
(133, 7527314, 7527314, 'A', 1, '2018-11-26 14:38:01', '2018-11-26 14:38:01'),
(134, 7723206, 7352419, 'A', 1, '2018-11-26 14:38:58', '2018-11-26 14:38:58'),
(135, 7723206, 7952420, 'A', 1, '2018-11-26 14:39:06', '2018-11-26 14:39:06'),
(136, 7023205, 7652421, 'A', 1, '2018-11-26 14:39:33', '2018-11-26 14:39:33'),
(137, 7023205, 7052423, 'A', 1, '2018-11-26 14:39:39', '2018-11-26 14:39:39'),
(138, 7527314, 7352422, 'A', 1, '2018-11-26 14:40:06', '2018-11-26 14:40:06'),
(139, 7527314, 7234852, 'A', 1, '2018-11-26 14:40:11', '2018-11-26 14:40:11'),
(140, 7050836, 7050836, 'A', 1, '2019-01-03 10:35:20', '2019-01-03 10:35:20'),
(141, 7944344, 7944344, 'A', 1, '2019-01-03 10:35:42', '2019-01-03 10:35:42'),
(142, 748035, 748035, 'A', 1, '2019-01-03 11:24:12', '2019-01-03 11:24:12'),
(143, 748035, 7524708, 'A', 1, '2019-01-03 11:24:44', '2019-01-03 11:24:44'),
(144, 7223397, 7223397, 'A', 1, '2019-01-03 11:26:51', '2019-01-03 11:26:51'),
(145, 7223397, 7553223, 'A', 1, '2019-01-03 11:27:05', '2019-01-03 11:27:05'),
(146, 717947, 717947, 'A', 1, '2019-01-03 11:28:37', '2019-01-03 11:28:37'),
(147, 717947, 7155595, 'A', 1, '2019-01-03 11:28:54', '2019-01-03 11:28:54'),
(148, 717947, 7455594, 'A', 1, '2019-01-03 11:29:03', '2019-01-03 11:29:03'),
(149, 77388396, 77388396, 'A', 1, '2019-01-03 16:33:05', '2019-01-03 16:33:05'),
(150, 7627755, 7627755, 'A', 1, '2019-01-03 16:37:51', '2019-01-03 16:37:51'),
(151, 758038, 758038, 'A', 1, '2019-01-03 16:38:28', '2019-01-03 16:38:28'),
(152, 7938420, 7938420, 'A', 1, '2019-01-03 16:38:45', '2019-01-03 16:38:45'),
(153, 7938459, 7938459, 'A', 1, '2019-01-03 16:39:08', '2019-01-03 16:39:08'),
(154, 777945, 777945, 'A', 1, '2019-01-03 16:39:23', '2019-01-03 16:39:23'),
(155, 7437857, 7437857, 'A', 1, '2019-01-03 16:39:41', '2019-01-03 16:39:41'),
(156, 739949, 739949, 'A', 1, '2019-01-03 16:39:54', '2019-01-03 16:39:54'),
(157, 749971, 749971, 'A', 1, '2019-01-03 16:40:13', '2019-01-03 16:40:13'),
(158, 787935, 787935, 'A', 1, '2019-01-03 16:40:40', '2019-01-03 16:40:40'),
(159, 728042, 728042, 'A', 1, '2019-01-03 16:40:48', '2019-01-03 16:40:48'),
(160, 7823311, 7823311, 'A', 1, '2019-01-03 16:41:00', '2019-01-03 16:41:00'),
(161, 769906, 769906, 'A', 1, '2019-01-03 16:41:11', '2019-01-03 16:41:11'),
(162, 3213211, 3213211, 'A', 1, '2019-01-03 19:50:01', '2019-01-03 19:50:01'),
(163, 7627755, 7357696, 'A', 1, '2019-01-24 11:37:36', '2019-01-24 11:37:36'),
(164, 7627755, 7057697, 'A', 1, '2019-01-24 11:37:57', '2019-01-24 11:37:57'),
(165, 7327219, 7327219, 'A', 1, '2019-01-24 14:24:21', '2019-01-24 14:24:21'),
(166, 7327219, 7627218, 'A', 1, '2019-01-24 14:30:06', '2019-01-24 14:30:06'),
(169, 7437857, 781560, 'A', 1, '2019-01-25 09:15:42', '2019-01-25 09:15:42'),
(170, 797941, 797941, 'A', 1, '2019-03-21 14:21:39', '2019-03-21 14:21:39'),
(171, 7838034, 7838034, 'A', 1, '2019-03-26 09:19:19', '2019-03-26 09:19:19'),
(172, 7219099, 7219099, 'A', 1, '2019-03-26 12:49:42', '2019-03-26 12:49:42'),
(173, 7738002, 7738002, 'A', 1, '2019-03-26 15:18:48', '2019-03-26 15:18:48'),
(174, 7911898, 7911898, 'A', 1, '2019-03-26 15:23:41', '2019-03-26 15:23:41'),
(175, 7323217, 7323217, 'A', 1, '2019-03-26 15:26:52', '2019-03-26 15:26:52'),
(176, 7323402, 7323402, 'A', 1, '2019-03-26 15:29:29', '2019-03-26 15:29:29'),
(177, 7623542, 7623542, 'A', 1, '2019-03-26 15:39:26', '2019-03-26 15:39:26'),
(178, 747946, 747946, 'A', 1, '2019-03-26 15:41:14', '2019-03-26 15:41:14'),
(179, 7318929, 7318929, 'A', 1, '2019-03-26 15:43:15', '2019-03-26 15:43:15'),
(180, 7618928, 7618928, 'A', 1, '2019-04-30 09:04:44', '2019-04-30 09:04:44'),
(181, 708033, 708033, 'A', 1, '2019-04-30 09:07:47', '2019-04-30 09:07:47'),
(182, 779897, 779897, 'A', 1, '2019-04-30 09:16:32', '2019-04-30 09:16:32'),
(183, 707944, 707944, 'A', 1, '2019-04-30 09:35:52', '2019-04-30 09:35:52'),
(184, 7538080, 7538080, 'A', 1, '2019-05-06 12:33:28', '2019-05-06 12:33:28'),
(185, 7427803, 7427803, 'A', 1, '2019-05-06 12:37:07', '2019-05-06 12:37:07'),
(186, 767939, 767939, 'A', 1, '2019-06-03 09:31:54', '2019-06-03 09:31:54'),
(187, 7418919, 7418919, 'A', 1, '2019-07-15 12:58:57', '2019-07-15 12:58:57'),
(188, 7123394, 7123394, 'A', 1, '2019-07-15 13:04:15', '2019-07-15 13:04:15'),
(189, 7079998, 7079998, 'A', 1, '2019-08-14 14:35:48', '2019-08-14 14:35:48'),
(190, 7680000, 7680000, 'A', 1, '2019-08-14 14:36:55', '2019-08-14 14:36:55'),
(191, 704028, 704028, 'A', 1, '2019-10-21 11:35:45', '2019-10-21 11:35:45'),
(192, 788024, 788024, 'A', 1, '2019-10-21 11:39:12', '2019-10-21 11:39:12'),
(193, 778034, 778034, 'A', 1, '2019-10-21 11:51:58', '2019-10-21 11:51:58'),
(194, 7623216, 7623216, 'A', 1, '2019-11-04 13:31:05', '2019-11-04 13:31:05'),
(195, 7428187, 7428187, 'A', 1, '2019-11-04 13:41:49', '2019-11-04 13:41:49'),
(196, 7623609, 7623609, 'A', 1, '2020-03-10 09:00:12', '2020-03-10 09:00:12'),
(197, 73185041, 73185041, 'A', 1, '2020-12-29 13:04:30', '2020-12-29 13:04:30');

-- --------------------------------------------------------

--
-- Структура таблицы `t_Patients`
--

DROP TABLE IF EXISTS `t_Patients`;
CREATE TABLE IF NOT EXISTS `t_Patients` (
  `mcNum` int(11) NOT NULL AUTO_INCREMENT,
  `Name` varchar(255) NOT NULL,
  `Status` varchar(16) NOT NULL DEFAULT 'A',
  `Note` varchar(255) DEFAULT NULL,
  `crTime` timestamp NOT NULL DEFAULT CURRENT_TIMESTAMP,
  `modTime` timestamp NOT NULL DEFAULT CURRENT_TIMESTAMP ON UPDATE CURRENT_TIMESTAMP,
  PRIMARY KEY (`mcNum`)
) ENGINE=InnoDB AUTO_INCREMENT=77388397 DEFAULT CHARSET=utf8;

--
-- Очистить таблицу перед добавлением данных `t_Patients`
--

TRUNCATE TABLE `t_Patients`;
--
-- Дамп данных таблицы `t_Patients`
--

INSERT INTO `t_Patients` (`mcNum`, `Name`, `Status`, `Note`, `crTime`, `modTime`) VALUES
(123123, 'Test Test Test', 'A', '', '2018-10-31 08:58:58', '2018-11-13 13:02:14'),
(704028, 'Пацай Владимир Иванович', 'A', NULL, '2019-10-21 08:35:15', '2019-10-21 08:35:15'),
(704213, 'Рудая Т.Ю.', 'A', NULL, '2018-11-12 10:11:36', '2018-11-13 13:02:14'),
(707944, 'Бабич Максим Викторович', 'A', NULL, '2019-04-30 06:34:39', '2019-04-30 06:34:39'),
(708033, 'Новиков Сергей Сергеевич', 'A', NULL, '2019-04-30 06:07:09', '2019-04-30 06:07:09'),
(717947, 'Сорокин Вячеслав Александрович', 'A', NULL, '2019-01-03 09:14:29', '2019-01-03 09:14:29'),
(727487, 'Пергаева Татьяна Гавриловна', 'A', NULL, '2018-11-12 10:11:36', '2018-11-13 13:02:14'),
(728042, 'Кошеленко Евгений Сергеевич', 'A', NULL, '2019-01-03 10:05:13', '2019-01-03 10:05:13'),
(728802, 'Рудой Д.А.', 'A', NULL, '2018-11-12 10:11:36', '2018-11-13 13:02:14'),
(733079, 'Высочина Юлия Александровна', 'A', NULL, '2018-11-09 10:24:38', '2018-11-13 13:02:14'),
(739949, 'Обод Денис Николаевич', 'A', NULL, '2019-01-03 10:03:19', '2019-01-03 10:03:19'),
(747946, 'Сивовол Алексей Владимирович', 'A', NULL, '2019-03-26 13:40:53', '2019-03-26 13:40:53'),
(748035, 'Гнилицкий Алексей Александрович', 'A', NULL, '2019-01-03 09:10:57', '2019-01-03 09:10:57'),
(749971, 'Медяник Максим Александрович', 'A', NULL, '2019-01-03 10:04:03', '2019-01-03 10:04:03'),
(750654, 'Лобко Сергей Иванович', 'A', NULL, '2018-11-12 10:11:36', '2018-11-13 13:02:14'),
(750667, 'Шапоренко Владислав ', 'A', NULL, '2018-11-12 10:11:36', '2018-11-13 13:02:14'),
(750670, 'Аникеев Юрий', 'A', NULL, '2018-11-12 10:11:36', '2018-11-13 13:02:14'),
(750683, 'Шульц Ирина Владимировна', 'A', NULL, '2018-11-12 10:11:36', '2018-11-13 13:02:14'),
(750708, 'Заика Владимир Алексеевич', 'A', NULL, '2018-11-12 10:11:36', '2018-11-13 13:02:14'),
(750711, 'Владарская Наталья Евгеньевна ', 'A', NULL, '2018-11-12 10:11:36', '2018-11-13 13:02:14'),
(756553, 'Рудой Алексей Андреевич', 'A', NULL, '2018-11-09 09:59:40', '2018-11-13 13:02:14'),
(758038, 'Сторчак Андрей Александрович', 'A', NULL, '2019-01-03 10:00:16', '2019-01-03 10:00:16'),
(765173, 'Челик Али', 'A', NULL, '2018-11-12 10:11:36', '2018-11-13 13:02:14'),
(767939, 'Высочин Вадим Александрович', 'A', NULL, '2018-11-12 10:11:36', '2018-11-13 13:02:14'),
(769906, 'Комисиенко Вадим Валериевич', 'A', NULL, '2019-01-03 10:06:20', '2019-01-03 10:06:20'),
(777945, 'Семиряжко Владимир Сергеевич', 'A', NULL, '2019-01-03 10:01:57', '2019-01-03 10:01:57'),
(778034, 'Быков Дмитрий Иванович', 'A', NULL, '2019-10-21 08:50:26', '2019-10-21 08:50:26'),
(779897, 'Колесник Александр Сергеевич', 'A', NULL, '2019-04-30 06:16:06', '2019-04-30 06:16:06'),
(781560, 'Гонтаренко Елена Владимировна', 'A', NULL, '2019-01-25 07:15:06', '2019-01-25 07:15:06'),
(787935, 'Кошеленко Алексей Сергеевич', 'A', NULL, '2019-01-03 10:04:44', '2019-01-03 10:04:44'),
(788024, 'Быков Александр Дмитриевич', 'A', NULL, '2019-10-21 08:38:37', '2019-10-21 08:38:37'),
(797206, 'Лейченко Юлия', 'A', NULL, '2018-11-12 10:11:36', '2018-11-13 13:02:14'),
(797941, 'Харченко Богдан Александрович', 'A', NULL, '2019-03-21 09:32:58', '2019-03-21 09:32:58'),
(799819, 'Василец Владимир Александрович', 'A', NULL, '2018-11-09 09:59:51', '2018-11-13 13:02:14'),
(3213211, 'Test Patient', 'A', NULL, '2019-01-03 17:44:29', '2019-01-03 17:44:29'),
(7019163, 'Шевчук Юлия Ивановна', 'A', NULL, '2018-11-09 09:59:03', '2018-11-13 13:02:14'),
(7023205, 'Краснонос Андрей', 'A', NULL, '2018-11-26 12:32:01', '2018-11-26 12:32:01'),
(7043120, 'Лобко Александр Сергеевич ', 'A', NULL, '2018-11-09 10:25:24', '2018-11-13 13:02:14'),
(7043162, 'Грачева Юлия Сергеевна ', 'A', NULL, '2018-11-09 10:01:49', '2018-11-13 13:02:14'),
(7050836, 'Максимов Дмитрий Павлович', 'A', NULL, '2019-01-03 08:33:02', '2019-01-03 08:33:02'),
(7052423, 'Краснонос Ольга Викторовна', 'A', NULL, '2018-11-26 12:33:31', '2018-11-26 12:33:31'),
(7057697, 'Давыдова К Д', 'A', NULL, '2019-01-24 09:36:23', '2019-01-24 09:36:23'),
(7079998, 'Литвинов Александр', 'A', NULL, '2019-08-14 11:33:56', '2019-08-14 11:33:56'),
(7123394, 'Овчаренко Виталия Андреевна', 'A', NULL, '2019-07-15 10:03:58', '2019-07-15 10:03:58'),
(7123477, 'Баженова Елена Витальевна', 'A', NULL, '2018-11-09 10:23:44', '2018-11-13 13:02:14'),
(7143110, 'Летюк Илья Русланович', 'A', NULL, '2018-11-09 09:52:29', '2018-11-13 13:02:14'),
(7143149, 'Зарайская Светлана Александровна ', 'A', NULL, '2018-11-09 10:26:17', '2018-11-13 13:02:14'),
(7143152, 'Зарайский Дмитрий Анатольевич', 'A', NULL, '2018-11-09 10:26:00', '2018-11-13 13:02:14'),
(7144254, 'Шиян Евгений Викторович', 'A', NULL, '2018-11-09 09:52:03', '2018-11-13 13:02:14'),
(7150644, 'Новикова Наталья Александровна', 'A', NULL, '2018-11-12 10:11:36', '2018-11-13 13:02:14'),
(7150657, 'Емец Сергей Владимирович', 'A', NULL, '2018-11-12 10:11:36', '2018-11-13 13:02:14'),
(7150673, 'Баженов Станислав Иванович', 'A', NULL, '2018-11-12 10:11:36', '2018-11-13 13:02:14'),
(7150686, 'Фастовецкая Е.В.', 'A', NULL, '2018-11-12 10:11:36', '2018-11-13 13:02:14'),
(7150701, 'Вальданова Надежда Алексеевна', 'A', NULL, '2018-11-12 10:11:36', '2018-11-13 13:02:14'),
(7150714, 'Цегельник Лидия Александровна', 'A', NULL, '2018-11-12 10:11:36', '2018-11-13 13:02:14'),
(7155595, 'Рымар Ева Вячеславовна', 'A', NULL, '2019-01-03 09:16:08', '2019-01-03 09:16:08'),
(7213640, 'Дудник Таисия Сергеевна', 'A', NULL, '2018-11-12 10:11:36', '2018-11-13 13:02:14'),
(7218898, 'Заика Валентина Ивановна ', 'A', NULL, '2018-11-12 10:11:36', '2018-11-13 13:02:14'),
(7219099, 'Яковлева Наталья Сергеевна', 'A', NULL, '2019-03-26 10:48:51', '2019-03-26 10:48:51'),
(7221739, 'Рудая Л.И.', 'A', NULL, '2018-11-12 10:11:36', '2018-11-13 13:02:14'),
(7223397, 'Лагун Денис Анатольевич', 'A', NULL, '2019-01-03 09:17:18', '2019-01-03 09:17:18'),
(7223553, 'Герасименко Иван Леонидович', 'A', NULL, '2018-11-12 10:11:36', '2018-11-13 13:02:14'),
(7228136, 'Фастовецкий Дмитрий Витальевич', 'A', NULL, '2018-11-09 09:59:28', '2018-11-13 13:02:14'),
(7234852, 'Скидан Александр Валентинович', 'A', NULL, '2018-11-26 12:35:49', '2018-11-26 12:35:49'),
(7243410, 'Вальданов Иван Александрович', 'A', NULL, '2018-11-09 09:57:40', '2018-11-13 13:02:14'),
(7250647, 'Зарайская Александра Ивановна', 'A', NULL, '2018-11-12 10:11:36', '2018-11-13 13:02:14'),
(7250650, 'Расторгуев С.', 'A', NULL, '2018-11-12 10:11:36', '2018-11-13 13:02:14'),
(7250663, 'Косенко Владимир Викторович', 'A', NULL, '2018-11-12 10:11:36', '2018-11-13 13:02:14'),
(7250676, 'Грачева Карина Михайловна ', 'A', NULL, '2018-11-12 10:11:36', '2018-11-13 13:02:14'),
(7250692, 'Лукина Мария Ивановна', 'A', NULL, '2018-11-12 10:11:36', '2018-11-13 13:02:14'),
(7250704, 'Смирнов Ярослав Романович', 'A', NULL, '2018-11-12 10:11:36', '2018-11-13 13:02:14'),
(7250717, 'Маковецкая Ольга', 'A', NULL, '2018-11-12 10:11:36', '2018-11-13 13:02:14'),
(7250720, 'Шайдарова Антонина Дмитриевна', 'A', NULL, '2018-11-12 09:11:14', '2018-11-13 13:02:14'),
(7318929, 'Пащенко Алла Александровна', 'A', NULL, '2019-03-26 13:42:41', '2019-03-26 13:42:41'),
(7323217, 'Агафонова Ольга Васильевна', 'A', NULL, '2019-03-26 13:25:31', '2019-03-26 13:25:31'),
(7323402, 'Шадура Татьяна Вадимовна', 'A', NULL, '2019-03-26 13:28:41', '2019-03-26 13:28:41'),
(7327219, 'Рожнов Максим Дмитриевич', 'A', NULL, '2019-01-24 12:19:24', '2019-01-24 12:31:50'),
(7337474, 'Дячкина Елена Николаевна', 'A', NULL, '2018-11-12 10:11:36', '2018-11-13 13:02:14'),
(7345154, 'Зарайская В.Г.', 'A', NULL, '2018-11-12 10:11:36', '2018-11-13 13:02:14'),
(7350653, 'Лобко Вера Петровна', 'A', NULL, '2018-11-12 10:11:36', '2018-11-13 13:02:14'),
(7350666, 'Высочин Павел Вадимович', 'A', NULL, '2018-11-12 10:11:36', '2018-11-13 13:02:14'),
(7350682, 'Стешенко Ольга Сергеевна', 'A', NULL, '2018-11-12 10:11:36', '2018-11-13 13:02:14'),
(7350707, 'Летюк Руслан Валерьевич', 'A', NULL, '2018-11-12 10:11:36', '2018-11-13 13:02:14'),
(7350710, 'Медведева Татьяна Юрьевна', 'A', NULL, '2018-11-12 10:11:36', '2018-11-13 13:02:14'),
(7350723, 'Савенко Анна Игоревна', 'A', NULL, '2018-11-12 10:11:36', '2018-11-13 13:02:14'),
(7352419, 'Капусто Аркадий Алексеевич', 'A', NULL, '2018-11-26 12:30:08', '2018-11-26 12:30:08'),
(7352422, 'Кульбачная Елена Алексеевна', 'A', NULL, '2018-11-26 12:35:21', '2018-11-26 12:35:21'),
(7357696, 'Белоконова Н С ', 'A', NULL, '2019-01-24 09:35:53', '2019-01-24 09:35:53'),
(7417172, 'Степанова Анна Сергеевна', 'A', NULL, '2018-11-12 10:11:36', '2018-11-13 13:02:14'),
(7417437, 'Попова Вера Викторовна', 'A', NULL, '2018-11-09 09:47:41', '2018-11-13 13:02:14'),
(7418919, 'Пацай Людмила Владимировна', 'A', NULL, '2019-07-15 09:58:22', '2019-07-15 09:58:22'),
(7427803, 'Борчук Яна Андреевна', 'A', NULL, '2019-05-06 09:36:41', '2019-05-06 09:36:41'),
(7428187, 'Танцура Анатолий Анатольевич', 'A', NULL, '2019-11-04 11:41:19', '2019-11-04 11:41:19'),
(7428794, 'Овчаренко Ирина Николаевна', 'A', NULL, '2018-11-12 10:11:36', '2018-11-13 13:02:14'),
(7437857, 'Черкасов Денис Юрьевич', 'A', NULL, '2019-01-03 10:02:51', '2019-01-03 10:02:51'),
(7439051, 'Бельская Елена Александровна', 'A', NULL, '2018-11-09 10:00:04', '2018-11-13 13:02:14'),
(7443036, 'Цегельник Елена Сергеевна', 'A', NULL, '2018-11-09 09:58:29', '2018-11-13 13:02:14'),
(7443122, 'Челик Юлия Викторовна', 'A', NULL, '2018-11-09 10:00:16', '2018-11-13 13:02:14'),
(7450656, 'Емец Юлия Николаевна', 'A', NULL, '2018-11-12 10:11:36', '2018-11-13 13:02:14'),
(7450672, 'Баженова Оксана Станиславовна', 'A', NULL, '2018-11-12 10:11:36', '2018-11-13 13:02:14'),
(7450700, 'Овсянкина Людмила Львовна', 'A', NULL, '2018-11-12 10:11:36', '2018-11-13 13:02:14'),
(7450713, 'Шереметьев Егор Евгеньевич', 'A', NULL, '2018-11-12 10:11:36', '2018-11-13 13:02:14'),
(7455594, 'Рымар Татьяна Эрнестовна', 'A', NULL, '2019-01-03 09:15:34', '2019-01-03 09:15:34'),
(7524708, 'Гнилицкая Татьяна Ивановна', 'A', NULL, '2019-01-03 09:13:31', '2019-01-03 09:13:31'),
(7527215, 'Выростков Денис Владимирович', 'A', NULL, '2018-11-09 10:24:58', '2018-11-13 13:02:14'),
(7527314, 'Буйкина Наталья', 'A', NULL, '2018-11-26 12:34:35', '2018-11-26 12:34:35'),
(7538080, 'Смутко Алексей Олегович', 'A', NULL, '2019-05-06 09:32:38', '2019-05-06 09:32:38'),
(7539054, 'Шапоренко Юлия Николаевна', 'A', NULL, '2018-11-09 10:24:23', '2018-11-13 13:02:14'),
(7550659, 'Выросткова Елена Анатольевна', 'A', NULL, '2018-11-12 10:11:36', '2018-11-13 13:02:14'),
(7550675, 'Грачев Михаил Михайлович', 'A', NULL, '2018-11-12 10:11:36', '2018-11-13 13:02:14'),
(7550688, 'Фастовецкая Н.А.', 'A', NULL, '2018-11-12 10:11:36', '2018-11-13 13:02:14'),
(7550703, 'Хохлов Олег Иванович', 'A', NULL, '2018-11-12 10:11:36', '2018-11-13 13:02:14'),
(7550716, 'Вайцеховская Наталья Владимировна', 'A', NULL, '2018-11-12 10:11:36', '2018-11-13 13:02:14'),
(7553223, 'Лагун Анастасия Викторовна', 'A', NULL, '2019-01-03 09:18:02', '2019-01-03 09:18:36'),
(7618928, 'Крючкова Элеонора Александровна', 'A', NULL, '2019-04-30 06:03:53', '2019-04-30 06:03:53'),
(7623216, 'Замула Владислав Андреевич', 'A', NULL, '2019-11-04 11:30:35', '2019-11-04 11:30:35'),
(7623232, 'Стецюк Иван Павлович', 'A', NULL, '2018-11-09 09:47:14', '2018-11-13 13:02:14'),
(7623472, 'Герасименко Алина Викторовна', 'A', NULL, '2018-11-09 10:24:06', '2019-11-04 11:59:33'),
(7623542, 'Голубева Лилия Владимировна', 'A', NULL, '2019-03-26 13:37:54', '2019-03-26 13:37:54'),
(7623609, 'Глушко Ілона Владиславівна', 'A', NULL, '2020-03-10 06:58:45', '2020-03-10 06:58:45'),
(7627218, 'Рожнова Татьяна Владимировна', 'A', NULL, '2019-01-24 12:20:26', '2019-01-24 12:20:26'),
(7627755, 'Давыдов Дмитрий Алексеевич', 'A', NULL, '2019-01-03 09:59:45', '2019-01-03 09:59:45'),
(7650649, 'Расторгуева Л.Н.', 'A', NULL, '2018-11-12 10:11:36', '2018-11-13 13:02:14'),
(7650652, 'Лобко Марина Андреевна', 'A', NULL, '2018-11-12 10:11:36', '2018-11-13 13:02:14'),
(7650665, 'Высочина Есения Вадимовна', 'A', NULL, '2018-11-12 10:11:36', '2018-11-13 13:02:14'),
(7650678, 'Верба Светлана Борисовна', 'A', NULL, '2018-11-12 10:11:36', '2018-11-13 13:02:14'),
(7650681, 'Зайцева Ольга Юрьевна', 'A', NULL, '2018-11-12 10:11:36', '2018-11-13 13:02:14'),
(7650706, 'Летюк Инна Александровна', 'A', NULL, '2018-11-12 10:11:36', '2018-11-13 13:02:14'),
(7650719, 'Стецюк Павел Николаевич\r\n', 'A', NULL, '2018-11-12 09:10:43', '2018-11-13 13:02:14'),
(7650722, 'Блискун Лилиана Евгеньевна', 'A', NULL, '2018-11-12 10:11:36', '2018-11-13 13:02:14'),
(7652421, 'Краснонос Анастасия Андреевна', 'A', NULL, '2018-11-26 12:34:04', '2018-11-26 12:34:04'),
(7657752, 'Набока Татьяна Григорьевна', 'A', NULL, '2019-01-24 13:55:57', '2019-01-24 13:55:57'),
(7680000, 'Литвинова Надежда', 'A', NULL, '2019-08-14 11:36:34', '2019-08-14 11:36:34'),
(7718921, 'Степанова Евгения Олеговна', 'A', NULL, '2018-11-09 10:00:34', '2018-11-13 13:02:14'),
(7723206, 'Москвичева Наталья', 'A', NULL, '2018-11-26 12:29:13', '2018-11-26 12:29:13'),
(7723798, 'Лейченко Алексей Сергеевич', 'A', NULL, '2018-11-09 09:58:15', '2018-11-13 13:02:14'),
(7731957, 'Стецюк Татьяна Владимировна', 'A', NULL, '2018-11-12 09:10:58', '2018-11-13 13:02:14'),
(7738002, 'Трутаева Юлия Владимировна', 'A', NULL, '2019-03-26 13:18:08', '2019-03-26 13:18:08'),
(7743121, 'Сираздинов Борис Борисович', 'A', NULL, '2018-11-09 10:25:42', '2018-11-13 13:02:14'),
(7747123, 'Шевчук Александр Александрович', 'A', NULL, '2018-11-12 10:11:36', '2018-11-13 13:02:14'),
(7750655, 'Зарайский В.Д.', 'A', NULL, '2018-11-12 10:11:36', '2018-11-13 13:02:14'),
(7750668, 'Аникеева Милена', 'A', NULL, '2018-11-12 10:11:36', '2018-11-13 13:02:14'),
(7750671, 'Мохницкая Анна Викторовна', 'A', NULL, '2018-11-12 10:11:36', '2018-11-13 13:02:14'),
(7750712, 'Медведев Максим Петрович', 'A', NULL, '2018-11-12 10:11:36', '2018-11-13 13:02:14'),
(7815925, 'Летюк Всеволод Русланович', 'A', NULL, '2018-11-12 10:11:36', '2018-11-13 13:02:14'),
(7823311, 'Рыжков Олег Юрьевич', 'A', NULL, '2019-01-03 10:05:39', '2019-01-03 10:05:39'),
(7827214, 'Емец Артур Сергеевич ', 'A', NULL, '2018-11-09 10:25:10', '2018-11-13 13:02:14'),
(7835543, 'Лукин Иван Сергеевич', 'A', NULL, '2018-11-09 09:59:17', '2018-11-13 13:02:14'),
(7838034, 'Файбышева Инна Александровна', 'A', NULL, '2019-03-26 07:17:44', '2019-03-26 07:17:44'),
(7839053, 'Бельский Дмитрий Юрьевич', 'A', NULL, '2018-11-12 10:11:36', '2018-11-13 13:02:14'),
(7843038, 'Якимчук Наталья Андреевна', 'A', NULL, '2018-11-12 10:11:36', '2018-11-13 13:02:14'),
(7843111, 'Медведева Анастасия Максимовна', 'A', NULL, '2018-11-09 09:52:13', '2018-11-13 13:02:14'),
(7843405, 'Смирнова Наталья Александровна', 'A', NULL, '2018-11-09 09:57:57', '2018-11-13 13:02:14'),
(7843971, 'Василец Юлия Александровна', 'A', NULL, '2018-11-12 10:11:36', '2018-11-13 13:02:14'),
(7850645, 'Зарайский Кирил Дмитревич', 'A', NULL, '2018-11-12 10:11:36', '2018-11-13 13:02:14'),
(7850658, 'Емец Тимофей Сергеевич', 'A', NULL, '2018-11-12 10:11:36', '2018-11-13 13:02:14'),
(7850661, 'Зенцева Оксана Александровна', 'A', NULL, '2018-11-12 10:11:36', '2018-11-13 13:02:14'),
(7850674, 'Овчаренко Виктор Викторович', 'A', NULL, '2018-11-12 10:11:36', '2018-11-13 13:02:14'),
(7850687, 'Фастовецкая Я.Д.', 'A', NULL, '2018-11-12 10:11:36', '2018-11-13 13:02:14'),
(7850690, 'Лукина Виктория Евгеньевна', 'A', NULL, '2018-11-12 10:11:36', '2018-11-13 13:02:14'),
(7850702, 'Жалоба Валентина Семеновна', 'A', NULL, '2018-11-12 10:11:36', '2018-11-13 13:02:14'),
(7850715, 'Пергаев Виктор Александрович', 'A', NULL, '2018-11-12 09:51:40', '2018-11-13 13:02:14'),
(7911898, 'Литвинчук Дмитрий Валерьевич', 'A', NULL, '2019-03-26 13:23:14', '2019-03-26 13:23:14'),
(7938420, 'Кучинский Денис Владимирович', 'A', NULL, '2019-01-03 10:00:48', '2019-01-03 10:00:48'),
(7938459, 'Цибуля Дмитрий Владимирович', 'A', NULL, '2019-01-03 10:01:30', '2019-01-03 10:01:30'),
(7944344, 'Чахоян Константин Валериевич', 'A', NULL, '2019-01-03 08:33:42', '2019-01-03 08:33:42'),
(7944526, 'Заика Юлия Владимировна', 'A', NULL, '2018-11-09 09:58:42', '2018-11-13 13:02:14'),
(7950648, 'Зарайский А.Н.', 'A', NULL, '2018-11-12 10:11:36', '2018-11-13 13:02:14'),
(7950651, 'Расторгуев К.', 'A', NULL, '2018-11-12 10:11:36', '2018-11-13 13:02:14'),
(7950677, 'Грачева Кира Михайловна', 'A', NULL, '2018-11-12 10:11:36', '2018-11-13 13:02:14'),
(7950680, 'Пистрая Ирина Викторовна', 'A', NULL, '2018-11-12 10:11:36', '2018-11-13 13:02:14'),
(7950693, 'Жданович Татьяна Петровна', 'A', NULL, '2018-11-12 10:11:36', '2018-11-13 13:02:14'),
(7950705, 'Заика София Григорьевна', 'A', NULL, '2018-11-12 10:11:36', '2018-11-13 13:02:14'),
(7950718, 'Лихатцкая Анна', 'A', NULL, '2018-11-12 10:11:36', '2018-11-13 13:02:14'),
(7950721, 'Смирнов Владислав Романович', 'A', NULL, '2018-11-12 10:11:36', '2018-11-13 13:02:14'),
(7952420, 'Капусто Галина Григорьевна', 'A', NULL, '2018-11-26 12:30:56', '2018-11-26 12:30:56'),
(73185041, 'Ващенко Володимир Олександрович', 'A', NULL, '2020-12-29 11:03:48', '2020-12-29 11:03:48'),
(77388396, 'Недбайло Роман Викторович', 'A', NULL, '2019-01-03 09:59:00', '2019-01-03 09:59:00');

-- --------------------------------------------------------

--
-- Структура таблицы `t_ServiceTran`
--

DROP TABLE IF EXISTS `t_ServiceTran`;
CREATE TABLE IF NOT EXISTS `t_ServiceTran` (
  `id` int(11) NOT NULL AUTO_INCREMENT,
  `cpid` int(11) NOT NULL DEFAULT '0',
  `summ` int(11) NOT NULL DEFAULT '0',
  `Status` varchar(16) NOT NULL DEFAULT 'A',
  `Note` varchar(256) DEFAULT NULL,
  `crTime` timestamp NOT NULL DEFAULT CURRENT_TIMESTAMP,
  PRIMARY KEY (`id`),
  KEY `FK_ServiceTran_Card_Pat` (`cpid`)
) ENGINE=InnoDB AUTO_INCREMENT=491 DEFAULT CHARSET=utf8;

--
-- Очистить таблицу перед добавлением данных `t_ServiceTran`
--

TRUNCATE TABLE `t_ServiceTran`;
--
-- Дамп данных таблицы `t_ServiceTran`
--

INSERT INTO `t_ServiceTran` (`id`, `cpid`, `summ`, `Status`, `Note`, `crTime`) VALUES
(22, 7, 300, 'A', 'Bonus', '2018-11-09 13:14:03'),
(23, 8, 300, 'A', 'Bonus', '2018-11-09 13:19:28'),
(25, 36, 300, 'A', 'Bonus', '2018-11-12 14:27:56'),
(26, 41, -30, 'A', 'OAK', '2018-11-12 14:28:11'),
(27, 9, 300, 'A', 'Bonus', '2018-11-12 14:53:42'),
(28, 10, 300, 'A', 'Bonus', '2018-11-12 14:54:12'),
(29, 11, 300, 'A', 'Bonus', '2018-11-12 14:54:24'),
(30, 12, 300, 'A', 'Bonus', '2018-11-12 14:54:38'),
(31, 13, 300, 'A', 'Bonus', '2018-11-12 14:54:51'),
(32, 14, 300, 'A', 'Bonus', '2018-11-12 14:55:03'),
(33, 15, 300, 'A', 'Bonus', '2018-11-12 14:55:12'),
(34, 16, 300, 'A', 'Bonus', '2018-11-12 14:55:24'),
(35, 17, 300, 'A', 'Bonus', '2018-11-12 14:55:38'),
(36, 18, 300, 'A', 'Bonus', '2018-11-12 14:55:49'),
(37, 19, 300, 'A', 'Bonus', '2018-11-12 14:55:58'),
(38, 20, 300, 'A', 'Bonus', '2018-11-12 14:56:08'),
(39, 21, 300, 'A', 'Bonus', '2018-11-12 14:56:18'),
(40, 22, 300, 'A', 'Bonus', '2018-11-12 14:57:02'),
(41, 23, 300, 'A', 'Bonus', '2018-11-12 14:57:10'),
(42, 24, 300, 'A', 'Bonus', '2018-11-12 14:57:18'),
(43, 25, 300, 'A', 'Bonus', '2018-11-12 14:57:29'),
(45, 26, 300, 'A', 'Bonus', '2018-11-12 14:58:37'),
(46, 27, 300, 'A', 'Bonus', '2018-11-12 15:00:48'),
(47, 28, 300, 'A', 'Bonus', '2018-11-12 15:01:10'),
(48, 29, 300, 'A', 'Bonus', '2018-11-12 15:01:20'),
(49, 30, 300, 'A', 'Bonus', '2018-11-12 15:01:31'),
(50, 31, 300, 'A', 'Bonus', '2018-11-12 15:01:40'),
(51, 32, 300, 'A', 'Bonus', '2018-11-12 15:01:50'),
(52, 33, 300, 'A', 'Bonus', '2018-11-12 15:01:59'),
(53, 34, 300, 'A', 'Bonus', '2018-11-12 15:02:12'),
(54, 35, 300, 'A', 'Bonus', '2018-11-12 15:02:25'),
(55, 61, -290, 'A', '9188111286', '2018-11-13 12:22:47'),
(56, 86, -200, 'A', '91811162', '2018-11-16 07:41:40'),
(57, 131, 300, 'A', 'Bonus', '2018-11-26 12:38:39'),
(58, 132, 300, 'A', 'Bonus', '2018-11-26 12:39:20'),
(59, 133, 300, 'A', 'Bonus', '2018-11-26 12:39:55'),
(60, 21, -230, 'A', '', '2018-12-18 11:19:13'),
(61, 134, -300, 'A', '', '2018-12-26 07:08:05'),
(62, 104, -150, 'A', 'прием эндокринолога', '2018-12-26 11:34:07'),
(63, 47, -300, 'A', '', '2018-12-28 16:52:46'),
(64, 142, 300, 'A', 'Bonus', '2019-01-03 09:24:58'),
(65, 143, -300, 'A', '', '2018-12-29 09:25:11'),
(66, 144, 300, 'A', 'Bonus', '2019-01-03 09:27:20'),
(67, 145, -300, 'A', '', '2018-12-27 09:27:35'),
(68, 146, 300, 'A', 'Bonus', '2019-01-03 09:29:23'),
(69, 43, -45, 'A', '', '2019-01-03 11:10:10'),
(70, 150, 300, 'A', 'Bonus', '2019-01-03 14:37:52'),
(71, 151, 300, 'A', 'Bonus', '2019-01-03 14:38:28'),
(72, 152, 300, 'A', 'Bonus', '2019-01-03 14:38:45'),
(73, 153, 300, 'A', 'Bonus', '2019-01-03 14:39:08'),
(74, 154, 300, 'A', 'Bonus', '2019-01-03 14:39:23'),
(75, 155, 300, 'A', 'Bonus', '2019-01-03 14:39:42'),
(76, 156, 300, 'A', 'Bonus', '2019-01-03 14:39:54'),
(77, 157, 300, 'A', 'Bonus', '2019-01-03 14:40:13'),
(78, 158, 300, 'A', 'Bonus', '2019-01-03 14:40:40'),
(79, 159, 300, 'A', 'Bonus', '2019-01-03 14:40:48'),
(80, 160, 300, 'A', 'Bonus', '2019-01-03 14:41:00'),
(81, 161, 300, 'A', 'Bonus', '2019-01-03 14:41:11'),
(82, 162, 300, 'A', 'Bonus', '2019-01-03 17:50:01'),
(83, 162, -50, 'A', 'ОАМ', '2019-01-03 18:24:34'),
(84, 7, -75, 'A', '', '2019-01-04 07:53:53'),
(85, 165, 300, 'A', 'Bonus', '2019-01-24 12:24:22'),
(86, 166, -110, 'A', '№ заказа 91901236', '2019-01-24 12:38:24'),
(87, 162, 250, 'A', 'Expired', '2019-01-24 18:25:08'),
(88, 162, -500, 'A', 'Expired', '2019-01-24 18:25:57'),
(89, 162, 300, 'A', '', '2019-01-24 18:26:28'),
(90, 162, -300, 'A', 'Expired', '2019-01-24 18:27:33'),
(91, 36, -270, 'A', 'Expired', '2019-01-24 18:27:33'),
(93, 162, 0, 'A', 'Expired', '2019-01-24 18:29:06'),
(94, 7, -180, 'A', 'Expired', '2019-01-24 18:29:06'),
(95, 15, -300, 'A', 'Expired', '2019-01-24 18:29:06'),
(96, 23, -300, 'A', 'Expired', '2019-01-24 18:29:06'),
(97, 31, -300, 'A', 'Expired', '2019-01-24 18:29:06'),
(98, 8, 0, 'A', 'Expired', '2019-01-24 18:29:06'),
(99, 16, -300, 'A', 'Expired', '2019-01-24 18:29:06'),
(100, 24, -300, 'A', 'Expired', '2019-01-24 18:29:06'),
(101, 32, -300, 'A', 'Expired', '2019-01-24 18:29:06'),
(102, 9, -300, 'A', 'Expired', '2019-01-24 18:29:06'),
(103, 17, -300, 'A', 'Expired', '2019-01-24 18:29:06'),
(104, 25, -300, 'A', 'Expired', '2019-01-24 18:29:06'),
(105, 33, -300, 'A', 'Expired', '2019-01-24 18:29:06'),
(106, 10, -300, 'A', 'Expired', '2019-01-24 18:29:06'),
(107, 18, -300, 'A', 'Expired', '2019-01-24 18:29:06'),
(108, 26, -300, 'A', 'Expired', '2019-01-24 18:29:06'),
(109, 34, -300, 'A', 'Expired', '2019-01-24 18:29:06'),
(110, 11, -300, 'A', 'Expired', '2019-01-24 18:29:06'),
(111, 19, -300, 'A', 'Expired', '2019-01-24 18:29:06'),
(112, 27, -300, 'A', 'Expired', '2019-01-24 18:29:06'),
(113, 35, -300, 'A', 'Expired', '2019-01-24 18:29:06'),
(114, 12, -300, 'A', 'Expired', '2019-01-24 18:29:06'),
(115, 20, -300, 'A', 'Expired', '2019-01-24 18:29:06'),
(116, 28, -150, 'A', 'Expired', '2019-01-24 18:29:06'),
(117, 13, -10, 'A', 'Expired', '2019-01-24 18:29:06'),
(118, 21, -70, 'A', 'Expired', '2019-01-24 18:29:06'),
(119, 29, -300, 'A', 'Expired', '2019-01-24 18:29:06'),
(120, 14, -300, 'A', 'Expired', '2019-01-24 18:29:06'),
(121, 22, -100, 'A', 'Expired', '2019-01-24 18:29:06'),
(122, 30, -300, 'A', 'Expired', '2019-01-24 18:29:06'),
(124, 169, -135, 'A', '919012533', '2019-01-25 07:21:11'),
(125, 148, -100, 'A', '', '2019-01-26 10:29:47'),
(126, 146, -190, 'A', '', '2019-01-26 10:30:01'),
(127, 149, 300, 'A', '', '2019-02-07 14:09:49'),
(128, 149, -150, 'A', '', '2019-02-07 14:10:01'),
(129, 156, -75, 'A', 'Обод Арина (ОАКр)', '2019-02-25 13:05:42'),
(130, 165, -190, 'A', 'Expired', '2019-03-19 08:20:00'),
(131, 162, 0, 'A', 'Expired', '2019-03-19 08:20:00'),
(132, 161, -300, 'A', 'Expired', '2019-03-19 08:20:00'),
(133, 160, -300, 'A', 'Expired', '2019-03-19 08:20:00'),
(134, 159, -300, 'A', 'Expired', '2019-03-19 08:20:00'),
(135, 158, -300, 'A', 'Expired', '2019-03-19 08:20:00'),
(136, 157, -300, 'A', 'Expired', '2019-03-19 08:20:00'),
(137, 156, -225, 'A', 'Expired', '2019-03-19 08:20:00'),
(138, 155, -165, 'A', 'Expired', '2019-03-19 08:20:00'),
(139, 154, -300, 'A', 'Expired', '2019-03-19 08:20:00'),
(140, 153, -300, 'A', 'Expired', '2019-03-19 08:20:00'),
(141, 152, -300, 'A', 'Expired', '2019-03-19 08:20:00'),
(142, 151, -300, 'A', 'Expired', '2019-03-19 08:20:00'),
(143, 150, -300, 'A', 'Expired', '2019-03-19 08:20:00'),
(144, 149, -150, 'A', 'Expired', '2019-03-19 08:20:00'),
(145, 146, -10, 'A', 'Expired', '2019-03-19 08:20:00'),
(146, 144, 0, 'A', 'Expired', '2019-03-19 08:20:00'),
(147, 142, 0, 'A', 'Expired', '2019-03-19 08:20:00'),
(148, 133, -300, 'A', 'Expired', '2019-03-19 08:20:00'),
(149, 132, -300, 'A', 'Expired', '2019-03-19 08:20:00'),
(150, 131, 0, 'A', 'Expired', '2019-03-19 08:20:00'),
(151, 12, 0, 'A', 'Expired', '2019-03-19 08:20:00'),
(152, 19, 0, 'A', 'Expired', '2019-03-19 08:20:00'),
(153, 30, 0, 'A', 'Expired', '2019-03-19 08:20:00'),
(154, 35, 0, 'A', 'Expired', '2019-03-19 08:20:00'),
(155, 13, 0, 'A', 'Expired', '2019-03-19 08:20:00'),
(156, 25, 0, 'A', 'Expired', '2019-03-19 08:20:00'),
(157, 7, 0, 'A', 'Expired', '2019-03-19 08:20:00'),
(158, 14, 0, 'A', 'Expired', '2019-03-19 08:20:00'),
(159, 20, 0, 'A', 'Expired', '2019-03-19 08:20:00'),
(160, 26, 0, 'A', 'Expired', '2019-03-19 08:20:00'),
(161, 31, 0, 'A', 'Expired', '2019-03-19 08:20:00'),
(162, 9, 0, 'A', 'Expired', '2019-03-19 08:20:00'),
(163, 15, 0, 'A', 'Expired', '2019-03-19 08:20:00'),
(164, 27, 0, 'A', 'Expired', '2019-03-19 08:20:00'),
(165, 32, 0, 'A', 'Expired', '2019-03-19 08:20:00'),
(166, 16, 0, 'A', 'Expired', '2019-03-19 08:20:00'),
(167, 21, 0, 'A', 'Expired', '2019-03-19 08:20:00'),
(168, 33, 0, 'A', 'Expired', '2019-03-19 08:20:00'),
(169, 10, 0, 'A', 'Expired', '2019-03-19 08:20:00'),
(170, 17, 0, 'A', 'Expired', '2019-03-19 08:20:00'),
(171, 22, 0, 'A', 'Expired', '2019-03-19 08:20:00'),
(172, 28, 0, 'A', 'Expired', '2019-03-19 08:20:00'),
(173, 34, 0, 'A', 'Expired', '2019-03-19 08:20:00'),
(174, 8, 0, 'A', 'Expired', '2019-03-19 08:20:00'),
(175, 23, 0, 'A', 'Expired', '2019-03-19 08:20:00'),
(176, 11, 0, 'A', 'Expired', '2019-03-19 08:20:00'),
(177, 18, 0, 'A', 'Expired', '2019-03-19 08:20:00'),
(178, 24, 0, 'A', 'Expired', '2019-03-19 08:20:00'),
(179, 29, 0, 'A', 'Expired', '2019-03-19 08:20:00'),
(193, 165, 0, 'A', 'Expired', '2019-03-19 08:22:52'),
(194, 162, 0, 'A', 'Expired', '2019-03-19 08:22:52'),
(195, 161, 0, 'A', 'Expired', '2019-03-19 08:22:52'),
(196, 160, 0, 'A', 'Expired', '2019-03-19 08:22:52'),
(197, 159, 0, 'A', 'Expired', '2019-03-19 08:22:52'),
(198, 158, 0, 'A', 'Expired', '2019-03-19 08:22:52'),
(199, 157, 0, 'A', 'Expired', '2019-03-19 08:22:52'),
(200, 156, 0, 'A', 'Expired', '2019-03-19 08:22:52'),
(201, 155, 0, 'A', 'Expired', '2019-03-19 08:22:52'),
(202, 154, 0, 'A', 'Expired', '2019-03-19 08:22:52'),
(203, 153, 0, 'A', 'Expired', '2019-03-19 08:22:52'),
(204, 152, 0, 'A', 'Expired', '2019-03-19 08:22:52'),
(205, 151, 0, 'A', 'Expired', '2019-03-19 08:22:52'),
(206, 150, 0, 'A', 'Expired', '2019-03-19 08:22:52'),
(207, 149, 0, 'A', 'Expired', '2019-03-19 08:22:52'),
(208, 146, 0, 'A', 'Expired', '2019-03-19 08:22:52'),
(209, 144, 0, 'A', 'Expired', '2019-03-19 08:22:52'),
(210, 142, 0, 'A', 'Expired', '2019-03-19 08:22:52'),
(211, 133, 0, 'A', 'Expired', '2019-03-19 08:22:52'),
(212, 132, 0, 'A', 'Expired', '2019-03-19 08:22:52'),
(213, 131, 0, 'A', 'Expired', '2019-03-19 08:22:52'),
(214, 12, 0, 'A', 'Expired', '2019-03-19 08:22:52'),
(215, 19, 0, 'A', 'Expired', '2019-03-19 08:22:52'),
(216, 30, 0, 'A', 'Expired', '2019-03-19 08:22:52'),
(217, 35, 0, 'A', 'Expired', '2019-03-19 08:22:52'),
(218, 13, 0, 'A', 'Expired', '2019-03-19 08:22:52'),
(219, 25, 0, 'A', 'Expired', '2019-03-19 08:22:52'),
(220, 7, 0, 'A', 'Expired', '2019-03-19 08:22:52'),
(221, 14, 0, 'A', 'Expired', '2019-03-19 08:22:52'),
(222, 20, 0, 'A', 'Expired', '2019-03-19 08:22:52'),
(223, 26, 0, 'A', 'Expired', '2019-03-19 08:22:52'),
(224, 31, 0, 'A', 'Expired', '2019-03-19 08:22:52'),
(225, 9, 0, 'A', 'Expired', '2019-03-19 08:22:52'),
(226, 15, 0, 'A', 'Expired', '2019-03-19 08:22:52'),
(227, 27, 0, 'A', 'Expired', '2019-03-19 08:22:52'),
(228, 32, 0, 'A', 'Expired', '2019-03-19 08:22:52'),
(229, 16, 0, 'A', 'Expired', '2019-03-19 08:22:52'),
(230, 21, 0, 'A', 'Expired', '2019-03-19 08:22:52'),
(231, 33, 0, 'A', 'Expired', '2019-03-19 08:22:52'),
(232, 10, 0, 'A', 'Expired', '2019-03-19 08:22:52'),
(233, 17, 0, 'A', 'Expired', '2019-03-19 08:22:52'),
(234, 22, 0, 'A', 'Expired', '2019-03-19 08:22:52'),
(235, 28, 0, 'A', 'Expired', '2019-03-19 08:22:52'),
(236, 34, 0, 'A', 'Expired', '2019-03-19 08:22:52'),
(237, 8, 0, 'A', 'Expired', '2019-03-19 08:22:52'),
(238, 23, 0, 'A', 'Expired', '2019-03-19 08:22:52'),
(239, 11, 0, 'A', 'Expired', '2019-03-19 08:22:52'),
(240, 18, 0, 'A', 'Expired', '2019-03-19 08:22:52'),
(241, 24, 0, 'A', 'Expired', '2019-03-19 08:22:52'),
(242, 29, 0, 'A', 'Expired', '2019-03-19 08:22:52'),
(256, 170, 300, 'A', 'Bonus', '2019-03-21 12:21:39'),
(258, 170, -270, 'A', 'УЗИ. Гаврилюк Валерия. 22.03.2019', '2019-03-21 12:48:34'),
(259, 171, 300, 'A', 'Bonus', '2019-03-26 07:19:19'),
(260, 171, -150, 'A', 'Файбышев Д В УЗИ забрюшинного пространства', '2019-03-26 07:20:43'),
(261, 172, 300, 'A', 'Bonus', '2019-03-26 10:49:42'),
(262, 173, 300, 'A', 'Bonus', '2019-03-26 13:18:48'),
(263, 174, 300, 'A', 'Bonus', '2019-03-26 13:23:41'),
(264, 175, 300, 'A', 'Bonus', '2019-03-26 13:26:52'),
(265, 176, 300, 'A', 'Bonus', '2019-03-26 13:29:29'),
(266, 177, 300, 'A', 'Bonus', '2019-03-26 13:39:26'),
(267, 178, 300, 'A', 'Bonus', '2019-03-26 13:41:14'),
(268, 179, 300, 'A', 'Bonus', '2019-03-26 13:43:16'),
(269, 173, -75, 'A', 'Трутаев Роман Алексеевич', '2019-04-03 09:57:42'),
(270, 173, -125, 'A', 'Трутаев Роман Алексеевич', '2019-04-04 05:15:39'),
(271, 115, 450, 'A', '', '2019-04-26 07:04:45'),
(272, 175, -250, 'A', 'Агафонов Игорь Витальевич', '2019-04-26 09:02:46'),
(273, 28, 450, 'A', '', '2019-04-30 05:41:57'),
(274, 12, 450, 'A', '', '2019-04-30 05:45:03'),
(275, 13, 450, 'A', '', '2019-04-30 05:49:11'),
(276, 133, 450, 'A', '', '2019-04-30 06:00:03'),
(277, 180, 300, 'A', 'Bonus', '2019-04-30 06:04:45'),
(278, 181, 300, 'A', 'Bonus', '2019-04-30 06:07:47'),
(279, 182, 300, 'A', 'Bonus', '2019-04-30 06:16:32'),
(280, 35, 450, 'A', '', '2019-04-30 06:17:13'),
(281, 17, 450, 'A', '', '2019-04-30 06:18:05'),
(282, 10, 450, 'A', '', '2019-04-30 06:18:50'),
(283, 26, 450, 'A', '', '2019-04-30 06:20:04'),
(284, 159, 450, 'A', '', '2019-04-30 06:30:45'),
(285, 9, 450, 'A', '', '2019-04-30 06:32:12'),
(286, 161, 450, 'A', '', '2019-04-30 06:33:07'),
(287, 183, 300, 'A', 'Bonus', '2019-04-30 06:35:52'),
(288, 171, -150, 'A', 'Крыжная Л И, УЗИ, 919042764', '2019-05-02 05:59:07'),
(289, 19, 450, 'A', '', '2019-05-06 09:27:13'),
(290, 149, 450, 'A', '', '2019-05-06 09:29:38'),
(291, 152, 450, 'A', '', '2019-05-06 09:30:43'),
(292, 184, 300, 'A', 'Bonus', '2019-05-06 09:33:28'),
(293, 185, 300, 'A', 'Bonus', '2019-05-06 09:37:07'),
(294, 158, 450, 'A', '', '2019-05-06 09:39:01'),
(295, 116, -100, 'A', '9190507106', '2019-05-08 07:00:13'),
(296, 115, -350, 'A', '', '2019-05-24 13:15:03'),
(297, 97, -100, 'A', '', '2019-05-27 10:29:26'),
(298, 97, -200, 'A', '', '2019-05-28 10:10:44'),
(299, 186, 300, 'A', 'Bonus', '2019-06-03 06:31:54'),
(300, 186, -110, 'A', '', '2019-06-03 06:36:06'),
(301, 186, -75, 'A', 'Высочин Павел 9190523101', '2019-06-03 06:37:15'),
(302, 186, -75, 'A', 'Высочина Юлия 9190529123', '2019-06-03 06:39:01'),
(303, 172, -300, 'A', '', '2019-07-12 10:53:45'),
(304, 186, -40, 'A', '', '2019-07-12 10:55:14'),
(305, 170, -30, 'A', '', '2019-07-12 10:55:52'),
(306, 173, -100, 'A', '', '2019-07-12 10:56:14'),
(307, 174, -300, 'A', '', '2019-07-12 10:56:40'),
(308, 175, -50, 'A', '', '2019-07-12 10:57:14'),
(309, 176, -300, 'A', '', '2019-07-12 10:57:47'),
(310, 177, -300, 'A', '', '2019-07-12 10:58:04'),
(311, 178, -300, 'A', '', '2019-07-12 10:58:28'),
(312, 179, -300, 'A', '', '2019-07-12 10:58:54'),
(313, 180, -300, 'A', '', '2019-07-12 10:59:18'),
(314, 181, -300, 'A', '', '2019-07-12 10:59:39'),
(315, 182, -300, 'A', '', '2019-07-12 10:59:53'),
(316, 139, 600, 'A', '450 было до октября+600 до апреля 2020', '2019-07-15 09:28:22'),
(317, 133, 0, 'A', '', '2019-07-15 09:28:37'),
(318, 177, 450, 'A', '', '2019-07-15 09:29:56'),
(319, 160, 450, 'A', '', '2019-07-15 09:30:35'),
(320, 180, 750, 'A', 'остаток 300+450', '2019-07-15 09:49:22'),
(321, 32, 600, 'A', '', '2019-07-15 09:51:45'),
(322, 35, 600, 'A', '450 до октября + 600', '2019-07-15 09:53:31'),
(323, 153, 450, 'A', '', '2019-07-15 09:55:55'),
(324, 187, 300, 'A', 'Bonus', '2019-07-15 09:58:57'),
(325, 27, 450, 'A', '', '2019-07-15 09:59:49'),
(326, 13, 600, 'A', '450 до октября +600', '2019-07-15 10:00:59'),
(327, 188, 300, 'A', 'Bonus', '2019-07-15 10:04:15'),
(328, 151, 450, 'A', '', '2019-07-15 10:05:00'),
(329, 17, 600, 'A', '450 до октября+600', '2019-07-15 10:06:01'),
(330, 8, 450, 'A', '', '2019-07-15 10:07:13'),
(331, 14, 450, 'A', '', '2019-08-12 11:41:47'),
(333, 189, 5000, 'A', 'Bonus', '2019-08-14 11:35:48'),
(334, 190, 5000, 'A', 'Bonus', '2019-08-14 11:36:55'),
(335, 66, -125, 'A', '', '2019-08-14 11:42:40'),
(336, 188, -290, 'A', '', '2019-08-14 11:52:32'),
(337, 161, 600, 'A', 'до 06/11/19 450 грн', '2019-08-30 05:30:54'),
(338, 171, 450, 'A', '', '2019-08-30 05:35:42'),
(339, 28, 600, 'A', 'до 08/10/19 450 грн.', '2019-08-30 05:44:57'),
(340, 11, 450, 'A', '', '2019-08-30 05:50:43'),
(341, 31, 450, 'A', '', '2019-08-30 05:52:18'),
(342, 24, 450, 'A', '', '2019-08-30 05:54:36'),
(343, 187, -220, 'A', '№ заказа 919091854', '2019-09-19 11:30:13'),
(344, 124, -730, 'A', '№ направления 919092468', '2019-09-24 11:53:50'),
(345, 158, -75, 'A', '', '2019-10-10 07:05:28'),
(346, 46, -450, 'A', '', '2019-10-15 08:31:40'),
(347, 8, 5, 'A', '', '2019-10-15 08:44:52'),
(348, 104, -200, 'A', '', '2019-10-16 09:09:52'),
(349, 154, 450, 'A', '', '2019-10-21 08:16:44'),
(350, 183, 450, 'A', '', '2019-10-21 08:18:41'),
(351, 184, 450, 'A', '', '2019-10-21 08:20:05'),
(352, 178, 450, 'A', '', '2019-10-21 08:22:41'),
(353, 179, 450, 'A', '', '2019-10-21 08:26:00'),
(354, 191, 300, 'A', 'Bonus', '2019-10-21 08:35:45'),
(355, 192, 300, 'A', 'Bonus', '2019-10-21 08:39:12'),
(356, 152, 600, 'A', '', '2019-10-21 08:41:30'),
(357, 23, 450, 'A', '', '2019-10-21 08:44:37'),
(358, 10, 600, 'A', '', '2019-10-21 08:45:37'),
(359, 193, 300, 'A', 'Bonus', '2019-10-21 08:51:58'),
(360, 185, -300, 'A', 'списание', '2019-10-21 08:53:22'),
(361, 14, -325, 'A', 'списание', '2019-10-21 10:29:40'),
(362, 98, -150, 'A', 'списание', '2019-10-21 10:31:38'),
(363, 188, -10, 'A', 'списание', '2019-10-21 10:36:32'),
(364, 187, -80, 'A', 'списание', '2019-10-21 10:37:07'),
(365, 158, -75, 'A', '', '2019-10-22 12:19:50'),
(366, 7, 450, 'A', '', '2019-11-04 08:47:45'),
(367, 149, 600, 'A', '', '2019-11-04 08:53:07'),
(368, 12, 600, 'A', '', '2019-11-04 09:00:32'),
(369, 8, 600, 'A', '', '2019-11-04 09:17:55'),
(370, 194, 300, 'A', 'Bonus', '2019-11-04 11:31:05'),
(371, 151, 600, 'A', '', '2019-11-04 11:31:47'),
(372, 195, 300, 'A', 'Bonus', '2019-11-04 11:41:49'),
(373, 27, 600, 'A', '', '2019-11-04 12:06:20'),
(374, 32, 300, 'A', '', '2019-11-07 09:17:28'),
(375, 35, 300, 'A', '', '2019-11-07 09:34:13'),
(376, 102, -340, 'A', '919111113', '2019-11-12 10:34:03'),
(377, 46, -270, 'A', '', '2019-11-21 10:56:54'),
(378, 28, -340, 'A', '919111643', '2019-11-30 13:39:15'),
(379, 123, -620, 'A', '919112698', '2019-11-30 13:47:10'),
(380, 152, -220, 'A', 'Кучинская Мария Денисовна', '2019-12-02 10:47:00'),
(381, 32, -330, 'A', 'Лукин Александр Иванович №919120319', '2019-12-04 09:25:34'),
(382, 157, 450, 'A', '', '2019-12-13 07:32:51'),
(383, 161, 300, 'A', '', '2019-12-13 07:35:30'),
(384, 133, 300, 'A', '', '2019-12-13 07:39:07'),
(385, 171, 600, 'A', '', '2019-12-13 09:18:22'),
(386, 153, 600, 'A', '', '2019-12-13 09:23:19'),
(387, 28, 300, 'A', '', '2019-12-13 10:05:50'),
(388, 16, 450, 'A', '', '2019-12-13 10:07:24'),
(389, 146, 450, 'A', '', '2019-12-13 10:08:41'),
(390, 47, -270, 'A', '№ 91912284', '2019-12-30 09:56:08'),
(391, 161, -645, 'A', 'Розумная Г.Г. №920011119', '2020-01-13 09:23:26'),
(392, 186, 450, 'A', '', '2020-01-17 11:12:23'),
(393, 173, 450, 'A', '', '2020-01-17 11:15:01'),
(394, 180, 600, 'A', '', '2020-01-17 11:23:57'),
(395, 24, 600, 'A', '', '2020-01-17 11:26:46'),
(396, 17, 300, 'A', '', '2020-01-17 11:30:41'),
(397, 181, 450, 'A', '', '2020-01-17 11:32:51'),
(398, 161, -180, 'A', 'Розумнаяя Г.Г. №92001159', '2020-01-17 15:33:49'),
(399, 149, -330, 'A', 'Горобцова А.В. № 920011618', '2020-01-20 11:13:29'),
(400, 157, -200, 'A', 'Медяник Марьяна', '2020-01-23 14:06:13'),
(401, 151, -145, 'A', '№920013074', '2020-01-31 09:23:39'),
(402, 151, -350, 'A', '№920020114', '2020-02-03 13:34:27'),
(403, 151, -310, 'A', '№920020372', '2020-02-06 11:19:24'),
(404, 187, 450, 'A', '', '2020-02-19 08:33:01'),
(405, 10, 300, 'A', '', '2020-02-19 08:34:59'),
(406, 7, 600, 'A', '', '2020-02-19 08:36:53'),
(407, 155, 450, 'A', '', '2020-02-19 08:40:41'),
(408, 156, 450, 'A', '', '2020-02-19 08:45:33'),
(409, 15, 450, 'A', '', '2020-02-19 08:46:48'),
(410, 183, 600, 'A', '', '2020-02-19 08:49:20'),
(411, 32, 300, 'A', '', '2020-02-19 08:53:22'),
(412, 184, 600, 'A', '', '2020-02-19 08:54:06'),
(413, 184, -480, 'A', '№920021924', '2020-02-20 11:25:19'),
(414, 23, 600, 'A', '', '2020-03-10 06:52:00'),
(415, 151, 300, 'A', '', '2020-03-10 06:53:57'),
(416, 196, 300, 'A', 'Bonus', '2020-03-10 07:00:12'),
(417, 158, -60, 'A', '№9200310177', '2020-03-11 11:33:16'),
(418, 19, -450, 'A', '', '2020-03-12 15:19:50'),
(419, 9, -450, 'A', '', '2020-03-12 15:21:08'),
(420, 159, -450, 'A', '', '2020-03-12 15:21:44'),
(421, 158, -240, 'A', '', '2020-03-12 15:23:10'),
(422, 177, -450, 'A', '', '2020-03-12 15:24:18'),
(423, 160, -450, 'A', '', '2020-03-12 15:25:06'),
(424, 193, -300, 'A', '', '2020-03-12 15:25:42'),
(425, 192, -300, 'A', '', '2020-03-12 15:26:17'),
(426, 191, -300, 'A', '', '2020-03-12 15:26:54'),
(427, 195, -300, 'A', '', '2020-03-12 15:27:32'),
(428, 194, -300, 'A', '', '2020-03-12 15:27:55'),
(429, 57, -450, 'A', '', '2020-03-12 15:29:20'),
(430, 112, -450, 'A', '', '2020-03-12 15:30:39'),
(431, 161, 300, 'A', '', '2020-04-13 10:48:46'),
(432, 133, 300, 'A', '', '2020-04-13 10:49:55'),
(433, 153, 300, 'A', '', '2020-04-13 10:51:06'),
(434, 28, 300, 'A', '', '2020-04-13 10:52:48'),
(435, 23, -120, 'A', '', '2020-04-30 07:42:09'),
(436, 13, 1050, 'A', 'списание', '2020-06-11 07:38:28'),
(437, 13, -2100, 'A', '', '2020-06-23 12:08:49'),
(438, 179, -450, 'A', 'списание', '2020-06-23 12:09:56'),
(439, 178, -450, 'A', 'списание', '2020-06-23 12:10:24'),
(440, 154, -450, 'A', 'списание', '2020-06-23 12:10:49'),
(441, 104, -490, 'A', '№920062355', '2020-06-25 08:21:13'),
(442, 104, -220, 'A', '№92006246', '2020-06-26 10:24:22'),
(443, 46, 300, 'A', '', '2020-08-03 10:57:31'),
(444, 160, 600, 'A', '', '2020-08-03 11:05:57'),
(445, 153, 300, 'A', '', '2020-08-03 11:08:16'),
(446, 192, 450, 'A', '', '2020-08-03 11:11:16'),
(447, 152, 300, 'A', '', '2020-08-03 11:12:13'),
(448, 193, 450, 'A', '', '2020-08-03 11:13:23'),
(449, 151, 300, 'A', '', '2020-08-03 11:16:40'),
(450, 190, -1200, 'A', '', '2020-10-23 09:47:31'),
(451, 196, -300, 'A', 'списание', '2020-10-23 09:48:59'),
(452, 157, -250, 'A', 'списание', '2020-10-23 09:49:33'),
(453, 146, -450, 'A', 'списание', '2020-10-23 09:50:04'),
(454, 16, -450, 'A', 'списание', '2020-10-23 09:50:30'),
(455, 186, -450, 'A', 'списание', '2020-10-23 09:50:57'),
(456, 181, -450, 'A', 'списание', '2020-10-23 09:51:35'),
(457, 173, -450, 'A', 'списание', '2020-10-23 09:52:01'),
(458, 115, -870, 'A', 'списание', '2020-10-23 09:56:05'),
(459, 99, -1050, 'A', 'списание', '2020-10-23 10:00:28'),
(460, 187, -450, 'A', 'списание', '2020-10-23 10:02:38'),
(461, 15, -450, 'A', 'списание', '2020-10-23 10:05:57'),
(462, 189, -1200, 'A', '', '2020-11-23 14:05:26'),
(463, 190, -1200, 'A', '', '2020-11-23 14:05:57'),
(464, 190, -850, 'A', '', '2020-11-24 09:55:39'),
(465, 189, -850, 'A', '', '2020-11-24 09:56:01'),
(466, 180, -1350, 'A', 'списание', '2020-12-29 10:11:45'),
(467, 24, -1050, 'A', 'списание', '2020-12-29 10:14:49'),
(468, 133, -1650, 'A', 'списание', '2020-12-29 10:17:03'),
(469, 152, 300, 'A', '', '2020-12-29 10:18:53'),
(470, 153, 300, 'A', '', '2020-12-29 10:20:32'),
(471, 151, 300, 'A', '', '2020-12-29 10:22:45'),
(472, 8, -365, 'A', 'списание', '2020-12-29 10:25:46'),
(473, 149, -720, 'A', 'списание', '2020-12-29 10:29:33'),
(474, 171, 300, 'A', '', '2020-12-29 10:30:32'),
(475, 161, -825, 'A', 'списание', '2020-12-29 10:31:43'),
(476, 184, -870, 'A', 'списание', '2020-12-29 10:33:18'),
(477, 183, -1350, 'A', 'списание', '2020-12-29 10:36:22'),
(478, 7, 300, 'A', '', '2020-12-29 10:37:17'),
(479, 28, -60, 'A', '', '2020-12-29 10:40:33'),
(480, 12, -1050, 'A', '', '2020-12-29 10:41:18'),
(481, 12, 0, 'A', 'списание', '2020-12-29 10:41:44'),
(482, 10, -1350, 'A', 'списание', '2020-12-29 10:42:24'),
(483, 89, 300, 'A', '', '2020-12-29 10:43:18'),
(484, 23, 0, 'A', '', '2020-12-29 10:43:55'),
(485, 57, 600, 'A', '', '2020-12-29 10:52:50'),
(486, 17, 300, 'A', '', '2020-12-29 10:54:02'),
(487, 154, 600, 'A', '', '2020-12-29 10:57:24'),
(488, 173, 600, 'A', '', '2020-12-29 11:01:41'),
(489, 197, 300, 'A', 'Bonus', '2020-12-29 11:04:30'),
(490, 151, -370, 'A', '', '2021-02-02 14:21:36');

-- --------------------------------------------------------

--
-- Структура таблицы `t_Users`
--

DROP TABLE IF EXISTS `t_Users`;
CREATE TABLE IF NOT EXISTS `t_Users` (
  `id` int(11) NOT NULL AUTO_INCREMENT,
  `login` varchar(50) NOT NULL,
  `pwd` int(11) NOT NULL,
  `crTime` datetime NOT NULL DEFAULT CURRENT_TIMESTAMP,
  `modTime` datetime NOT NULL DEFAULT CURRENT_TIMESTAMP ON UPDATE CURRENT_TIMESTAMP,
  PRIMARY KEY (`id`)
) ENGINE=InnoDB DEFAULT CHARSET=utf8;

--
-- Очистить таблицу перед добавлением данных `t_Users`
--

TRUNCATE TABLE `t_Users`;
-- --------------------------------------------------------

--
-- Дублирующая структура для представления `v_Cards`
-- (See below for the actual view)
--
DROP VIEW IF EXISTS `v_Cards`;
CREATE TABLE IF NOT EXISTS `v_Cards` (
`id` int(11)
,`Name` varchar(255)
,`SUM` decimal(32,0)
,`status` varchar(255)
,`crTime` datetime
,`expDate` datetime
,`Note` varchar(255)
);

-- --------------------------------------------------------

--
-- Дублирующая структура для представления `v_ServiceTran`
-- (See below for the actual view)
--
DROP VIEW IF EXISTS `v_ServiceTran`;
CREATE TABLE IF NOT EXISTS `v_ServiceTran` (
`cId` int(11)
,`cpid` int(11)
,`pId` int(11)
,`Name` varchar(255)
,`summ` int(11)
,`crTime` timestamp
,`Note` varchar(256)
,`tStatus` varchar(16)
,`cardStatus` varchar(255)
);

-- --------------------------------------------------------

--
-- Структура для представления `v_Cards`
--
DROP TABLE IF EXISTS `v_Cards`;

CREATE ALGORITHM=UNDEFINED DEFINER=`mcmed_cards`@`%` SQL SECURITY DEFINER VIEW `v_Cards`  AS  select `CC`.`id` AS `id`,`PP`.`Name` AS `Name`,sum(`VT`.`summ`) AS `SUM`,`CC`.`status` AS `status`,`CC`.`crTime` AS `crTime`,`CC`.`expDate` AS `expDate`,`CC`.`Note` AS `Note` from ((`t_Cards` `CC` join `t_Patients` `PP` on((`PP`.`mcNum` = `CC`.`id`))) left join `v_ServiceTran` `VT` on((`CC`.`id` = `VT`.`cId`))) group by `CC`.`id` order by `CC`.`crTime` desc ;

-- --------------------------------------------------------

--
-- Структура для представления `v_ServiceTran`
--
DROP TABLE IF EXISTS `v_ServiceTran`;

CREATE ALGORITHM=UNDEFINED DEFINER=`mcmed_cards`@`%` SQL SECURITY DEFINER VIEW `v_ServiceTran`  AS  select `C`.`id` AS `cId`,`ST`.`cpid` AS `cpid`,`P`.`mcNum` AS `pId`,`P`.`Name` AS `Name`,`ST`.`summ` AS `summ`,`ST`.`crTime` AS `crTime`,`ST`.`Note` AS `Note`,`ST`.`Status` AS `tStatus`,`C`.`status` AS `cardStatus` from (((`t_ServiceTran` `ST` join `t_Card_Pat` `CP` on((`ST`.`cpid` = `CP`.`id`))) join `t_Cards` `C` on((`CP`.`cardId` = `C`.`id`))) join `t_Patients` `P` on((`CP`.`patId` = `P`.`mcNum`))) ;

--
-- Ограничения внешнего ключа сохраненных таблиц
--

--
-- Ограничения внешнего ключа таблицы `t_Cards`
--
ALTER TABLE `t_Cards`
  ADD CONSTRAINT `FK_t_Cards_t_Patients` FOREIGN KEY (`parent`) REFERENCES `t_Patients` (`mcNum`);

--
-- Ограничения внешнего ключа таблицы `t_Card_Pat`
--
ALTER TABLE `t_Card_Pat`
  ADD CONSTRAINT `FK_t_Card_Pat_t_Cards` FOREIGN KEY (`cardId`) REFERENCES `t_Cards` (`id`),
  ADD CONSTRAINT `FK_t_Card_Pat_t_Patients` FOREIGN KEY (`patId`) REFERENCES `t_Patients` (`mcNum`);

--
-- Ограничения внешнего ключа таблицы `t_ServiceTran`
--
ALTER TABLE `t_ServiceTran`
  ADD CONSTRAINT `FK_ServiceTran_Card_Pat` FOREIGN KEY (`cpid`) REFERENCES `t_Card_Pat` (`id`);

/*!40101 SET CHARACTER_SET_CLIENT=@OLD_CHARACTER_SET_CLIENT */;
/*!40101 SET CHARACTER_SET_RESULTS=@OLD_CHARACTER_SET_RESULTS */;
/*!40101 SET COLLATION_CONNECTION=@OLD_COLLATION_CONNECTION */;
